artist,genre
TIRAYA,Inconnu
When We Were Wolves,Pop
Spoken Word,Inconnu
MC Funsta,Rap
anarchistwood,Inconnu
Saxon Sound System,Dub
Black Pumas,Soul
MC GQ,Rap
Glitch,Electronique
iamnotshane,Hyperpop
Harry Diplock,Inconnu
Mary Jane Dunphe,Inconnu
Armlock,Inconnu
Rory Ingham,Inconnu
Billiam,Inconnu
Mura Masa,Electronica
Jesse Davis,Jazz
Natural Right,Inconnu
Tony Blackburn,Pop
Wilding,Inconnu
Wobbly Records,Inconnu
Winslow (Drum & Bass),Drum and Bass
Ba'al,Inconnu
The Shut Up,Inconnu
The Roebucks,Inconnu
Dream Wife,Post-punk
Steady Habits (UK),Inconnu
Marty Stuart & His Fabulous Superlatives,Country
Bree Runway,Pop
Cloonee,Tech house
Arms To Oblivion,Metalcore
Brain of J - The Pearl Jam Tribute Band,Grunge
Nala Sinephro,Jazz
Faux Real,Inconnu
The Undertones,Punk
Mega,Inconnu
Izzy Trixx,Inconnu
For Breakfast,Pop
Maisie Adam,Inconnu
Amy Gledhill,Inconnu
Yiruma,New Age
Moon Diagrams,Inconnu
The Doors Rising,Inconnu
Struck/Down,Metalcore
Cuban All Stars,Son
Mrs H and the Sing-along Band,Musique pour enfants
Absolva,Metal progressif
Mondo Drag,Garage rock
Mion,Inconnu
Steve Ignorant,Punk
Robohands,Inconnu
Absolute Bowie Band,Rock
Chest,Inconnu
Rachel Baiman,Americana
Captain Bass,Inconnu
Piatti Quartet,Classique
Shao Dow,Rap
Tadhg Daly,Inconnu
Misty Miller,Folk
Pagan Altar,Heavy metal
lotusbliss,Inconnu
Little Roy,Reggae
Jonny Morgan,Inconnu
Naomi Bedford,Inconnu
Simo Lagnawi,Inconnu
Giant Walker,Inconnu
Damian Wilson,Metal
Bug Hunter,Inconnu
Lowen,Inconnu
Majesty - UK's No1 Queen Tribute,Rock
Todd Terje,Disco
DJ Drez,Drum and bass
The Blackbyrds,Soul
Synapson,Électro
Black Orchids,Inconnu
From The Jam,Pub Rock
Moojo,Inconnu
Calibro 35,Instrumental
Keyrah,Inconnu
Sad Sells,Hyperpop
Forrest Flowers,Indie rock
Wolfsmoke,Inconnu
The Park,Inconnu
Orla Gartland,Indie pop
CatMilk,Inconnu
Ulcerate,Death metal
Woody Cook,Inconnu
Jimeoin,Inconnu
John Bishop,Inconnu
Velocity,Inconnu
Joey Page,Inconnu
The ComPozers,Musique de jeux vidéo
Actress,Electronica
Stain The Canvas,J-Pop
Anton O'Donnell,Musique de film
Comme,Inconnu
Blue Canarinho,Inconnu
Are You Experienced? Europe's No.1 Tribute to Jimi Hendrix,Rock
Halley Neal,Inconnu
Special Duties,Inconnu
Jaakko Eino Kalevi,Indie pop
Alexander McKay,Inconnu
Poppy Prescott,Hyperpop
TH,Inconnu
Tessa Rose Jackson,Inconnu
Machine,Inconnu
GodKing,Inconnu
Obsesa,Inconnu
The Fabulous Red Diesel,Inconnu
Allergy The Band,Inconnu
bob vylan,Folk
Hannah Sanders,Folk
Benjamin Braatz,Classique
SATL,Inconnu
Ray Mang,Inconnu
St3v,Rap
Hank,Country
Amber Burgoyne,Inconnu
ChuggaBoom,Inconnu
Catfish Keith,Blues
Medusa,Inconnu
Cloak,Hyperpop
Harvey Jay Dodgson,Inconnu
Double Cream,Inconnu
Notion,Inconnu
Nifty Catalyst,Inconnu
Gal Pals,Inconnu
Jaime kyle,Inconnu
Rockin the Joint,Rock and Roll
Blackbeard's Tea Party,Folk
Ludella Black,Inconnu
Perc,Techno
Carl Donnelly,Inconnu
The Killbillies,Country
Konquest,Inconnu
louis culture,Rap
Yung Singh,Hip-hop
EV,Inconnu
Joshua Baraka,Contemporary Christian
Devils Night,Hip hop
the Dreads,Reggae
WHIPPED CREAM,Bass music
The Magic Of The Beatles,Pop
Ao,Inconnu
Odhran Murphy,Musique irlandaise
Liam Finn,Rock
Joker,Inconnu
Hollie Rogers Music,Pop
Will Page,Inconnu
Global Beat,Inconnu
King Original,Inconnu
Dekker,Inconnu
Dan LaMorte,Inconnu
No Cigar,Alternative rock
Graham Bickley,Musical Theatre
Shae Universe,Pop
Mills,Inconnu
Mono,Rock
Jaja Morph,Inconnu
TRYB,Pop
Kings of Thrash,Thrash Metal
FREESPIRITS,Inconnu
School Disco,Pop
Rosie Hopkins,Inconnu
Casey Lowry,Inconnu
LIZZIE BERCHIE,Inconnu
Khalil,Rap
Dogviolet,Indie pop
TIMANTI,Inconnu
Catherine Bohart,Inconnu
Home Counties,Indie rock
Nuwanda,Inconnu
Chris Stamey,Power pop
jbmaclive,Inconnu
Dreamwave,Electronique
Willie Dowling,Blues
SuperJazzClub,Inconnu
Symbol Soup,Inconnu
EMIL TRF,Inconnu
Anchor,Inconnu
Siobhan Winifred,Inconnu
niemba,Inconnu
Doc Scott,Drum and bass
Ruby J,Pop
Mob Tactics,Electronica
The Backfires,Inconnu
All Day Breakfast Cafe,Inconnu
The Long Ryders,Americana
Mallory Knox,Rock
DARKSIDE,Electronica
Samurai Breaks,Breakbeat
Nahko,Folk
Steve Pledger,Folk
Blackout,Pop
Tony Kofi,Jazz
Real Farmer,Inconnu
Black Satellite,Inconnu
Swing Noir,Swing
Derek Warfield & The Young Wolfe Tones,Folk
House Gospel Choir,Gospel
Jeffery Straker,Inconnu
Bonita Delaney (GB),Inconnu
The Bluejays,Rock and roll
MR B the Gentleman Rhymer,Hip hop
Shelby Lynne,Pop
LostAlone,Rock
Hattie Whitehead,Inconnu
Scouting for Girls,Pop
Slumber Wonder,Inconnu
Chook,Inconnu
Esi,Rap
Marcus Bonfanti,Blues
Load,Metal alternatif
kalia,Inconnu
ROTTWEILER,Hip-hop
Nymphic,Inconnu
Thee Sinseers,Ska
Benji B,Electronica
The Kokroachez,Inconnu
Chez,Inconnu
Thurston Moore,Noise rock
Sean Mcloughlin,Inconnu
Catrin Finch and Aoife Ní Bhriain,Musique celtique
Shape of You - The Music of Ed Sheeran,Pop
Utah Saints,Big Beat
Dirty DC,Hip hop
Ian Sweet,Indie pop
Collapse The Sky,Inconnu
Carl Stone,Musique concrète
Cold Remembrance,Inconnu
Clash 'N' Sleazy,Hard rock
Rogier Bak,Inconnu
Enumclaw (Band),Indie pop
Jay Phelps,Inconnu
Redfreya,Inconnu
SNAYX,Hyperpop
The 802,Inconnu
Yorick,Inconnu
Fleshwater,Inconnu
Aku,Inconnu
OPENSIGHT,Inconnu
Skating Polly,Rock
Dazed,K-Pop
Albert Lee,Country
TERTIA,Inconnu
Blasterjaxx,Electro House
Butcher Babies,Metalcore
The Thin White Duke,Glam rock
Nina Nesbitt,Pop
Luca Firth,Inconnu
Anton Vic,Inconnu
LunaBarge,Inconnu
Rats Nest,Hard rock
Steve White,Rock
Reeko,Inconnu
Jewelia,Inconnu
James Crowley,Inconnu
Oliver Anderson,Inconnu
Mostly Matt,Pop
Battery Point,Inconnu
Bianca Oblivion,Inconnu
Alexander Gadjiev - Pianist,Classique
Fearless,Country
The Polygons,Inconnu
Omnerod,Inconnu
DPR CREAM,R&B
Gideon,Metalcore
Alfie Adshead,Inconnu
James Bay,Blues rock
Shelf Lives,Inconnu
Capo Lee,Drill
Coltrane,Jazz
Superlatives,Inconnu
Local Natives,Indie pop
Nguyên Lê,Jazz
Shuffle T,Hip-hop
Big Youth,Reggae
Tankcsapda,Rock
Reprisal,Inconnu
Broken Jaw,Inconnu
Adult DVD,Inconnu
Adam Kelly,Inconnu
Talia Simone & The Wild Thorns,Folk
Laurent Schark,Inconnu
Static Lives,Inconnu
nick cope,Inconnu
True Strays,Inconnu
Bridget Yee,Inconnu
Best Band,Inconnu
Hospitality,Drum and bass
Geordie Greep,Metal
King King,Blues rock
Jonny Drop,Inconnu
Fairport Convention,Folk rock
Dynamite,Disco-pop
Walk Off the Earth,Pop
The Barratts,Inconnu
Tremor,EDM
Vigilantes,Inconnu
London Philharmonic Orchestra,Classique
Marc Almond,New wave
Millie Manders and The Shutup,Punk rock
Karim Kamar,Inconnu
Weston Loney,Inconnu
Leo Sayer,Pop
Common Sense Kid,Inconnu
The Early Swerve,Inconnu
Peter Kay,Inconnu
Barbara Dickson,Pop
Frenchy,Disco
Phil Wang,Inconnu
Liars Teeth,Inconnu
Blasfeme,Death Metal
Dorisburg,Inconnu
Fange,Inconnu
Woo York,Electronica
The Silvers,Inconnu
Biréli Lagrène,Jazz
Piney Gir,Inconnu
Liana Flores,Inconnu
Hak Baker,Folk
Andy Twyman One Man Band,Inconnu
The Moons Of Jupiter,Classique
Toby Lee,Inconnu
Jawless,Inconnu
Victoria Canal,Pop
14 Iced Bears,Inconnu
ARTIC,Rap
Mad Dog Mcrea,Rock celtique
Lil' Jimmy Reed,Blues
Hannah Sanders & Ben Savage,Folk
Jazz Jam,Jazz
Tusks,Rock
NOISY,Inconnu
The Real Pete Rock,Hip hop
To The Grave,Deathcore
Pink Singers,Musique chorale
Yva,Inconnu
Shubostar,Inconnu
Implicit,Inconnu
Sick-Days,Inconnu
One Night In Nashville,Country
Ruthless,Hip hop
B-Mentz,Inconnu
Hana Lili,Pop
Imogen and the Knife,Inconnu
Nasiri,Inconnu
TR/ST,Synth-pop
King Joe & The Atlantics,Inconnu
Nuha Ruby Ra,Pop
Beige Banquet,Inconnu
Alex Spencer,Inconnu
IndepenDance,Inconnu
Rainy,Inconnu
The Shires,Country
J Bow,Pop
MASTER BOOT RECORD,Inconnu
The Angry Agenda,Inconnu
Metrik,Drum and bass
Eliza Rose,House
The Pioneers,Reggae
Hungrytown,Folk
Fantastic Negrito,Blues
Dj Spoony,Drum and bass
5678s,Inconnu
Santo,Inconnu
Pollyanna Blue,Inconnu
JW Paris,Inconnu
Paul Walker & Karen Pfeiffer,Inconnu
mui zyu,Inconnu
THE GARAGE,Inconnu
Omni Selassi,Inconnu
Will Pound & Jenn Butterworth,Folk
Dead Idle,Inconnu
Some Guys Have All The Luck - The Rod Stewart Story,Rock
RØRY,Pop
Tash Hills,Inconnu
The Evening (UK),Inconnu
Ralfe Band,Inconnu
Shy One,Trap
Beetlebug,Inconnu
Too Late,Pop
Robot Koch,Electronica
Lady Maisery,Folk
Milkweed,Inconnu
[ k s r ],Inconnu
Lifeofkwasi,Afrobeat
DJ Luck & MC Neat,UK Garage
Hayden Calnin,Musique classique
Jon Thorne,Inconnu
Jeremiah Chiu,Classique
Gnarlah,Rap
DJ Andy P,Inconnu
The Ukulele Orchestra Of Great Britain,Ukulele
Douvelle19,Inconnu
Steve Hackett,Rock progressif
Bobbi Fallon,Inconnu
Ultimate Boy Bands,Pop
Rakshas,Inconnu
pluko,Inconnu
The Altons,Rock and roll
Temporal Comet,Inconnu
Bernard Butler,Rock
CHRIS IDH,Pop
Melanie Baker,Inconnu
Ladylike,Inconnu
Mixed Up Everything,Inconnu
The Bronx,Hardcore punk
birdfeeder,Inconnu
Aurie Styla,Rap
Night Swimming,Indie pop
ian,Inconnu
Thwack,Inconnu
Every Sunday,Pop
THEMBA,Amapiano
DJ Yoda,Mix
Chris While & Julie Matthews,Folk
KATYA,Inconnu
The Hope Conspiracy,Punk hardcore
Jansons,Classique
Imperium,Inconnu
STEREO,Inconnu
Rich Hall,Inconnu
This Feeling,Indie rock
Aid Lewis,Inconnu
Tom B,Inconnu
Jessica Audiffred,Musique électronique
Artful Dodger,Inconnu
Andry,Inconnu
Mantha,Inconnu
Julian Joseph,Jazz
Angelica Garcia,Indie pop
Los Pacaminos,Latin
Substance,Electronica
Kymara,Inconnu
The Human Veil,Inconnu
Picture This,Pop
Dance Floor,Inconnu
John Armstrong,Jazz
Bestial Mouths,Death metal
Micky Finn,Inconnu
Lalalar,Inconnu
Signs of the Swarm,Deathcore
Frankie,Inconnu
Jimmy Regal and the Royals,Inconnu
Kat Eaton,Inconnu
Leah Weller,Inconnu
En Heat,Inconnu
ST,Rap
The Covasettes,Inconnu
Soulfish,Inconnu
Meteor Airlines,Inconnu
Alex Isley,R&B
Fliptrix,Hip-hop
GLASSHOUSE,Inconnu
Suedejazz Collective,Jazz
Voodoo Room,Inconnu
DJ Koze,Techno
Conor Maynard,Pop
Dom Servini,Inconnu
Soft,Inconnu
Jakko Jakszyk,Rock progressif
Acid Throne,Metal
Flo & Co,Inconnu
Lil Silva,Electronica
Hector Barez,Inconnu
Motorcycle Display Team,Inconnu
I Wanna Be Sedated,Punk rock
Quantic,Latin jazz
DPR ARTIC,R&B
DJ Luck,Dance
Lonyo,Inconnu
Serpentyne,Inconnu
Ian Smith,Inconnu
Hasan Raheem,Pop
Molteno,Inconnu
Agro,Inconnu
Ignea,Power metal
Ras Kass,Rap
Jordy Maxwell,Inconnu
World Coda,Inconnu
Apollo Ray,Pop
Sour Kix,Inconnu
Man of Moon,Indie rock
Clock DVA,Industrial
Zander,Inconnu
CunninLynguists,Hip hop
Panic Shack,Pop punk
4am Kru,Trap
Brighton Festival Chorus,Classique
Clara Mann,Inconnu
Pudding,Inconnu
Max Rae,Inconnu
Nature TV,Inconnu
Harrison BDP,Inconnu
Aslan,Inconnu
Shabba D,Dancehall
The Masonics,Garage rock
Pete Wylie,Post-punk
Joan as Police Woman,Indie rock
Window Kid,Hyperpop
Traidora,Reggaeton
Neil Bob Herd,Inconnu
Eleonora,Inconnu
Silhouettes,Rock and roll
Goetia,Inconnu
Honey Joy,Inconnu
ROCKAWAY BEACH,Punk rock
DJ Ace,Inconnu
Anna Erhard,Inconnu
Juanita Stein,Rock
Lilaj,Inconnu
MICHELLE,R&B
Volatile Cycle,Inconnu
Cardiacs,Rock progressif
London Calling UK,Punk rock
Pegasuses,Inconnu
The Surfrajettes,Surf rock
Richard Spaven,Jazz
Noasis (Tribute),Britpop
Giles Stelfox,Inconnu
Lauren Lucille,Pop
Savvie,Inconnu
Vanity Fairy,Inconnu
Huey Morgan,Funk
the Pavilion,Inconnu
Mitch Sanders,Inconnu
MuddiBrooke,Pop
Jeff Mills,Techno
Cardinal Black,Inconnu
Roddy Radiation,Ska
Stolen From God - Reg Meuross,Folk
Goldie,Drum and bass
Tim Gallagher,Inconnu
Christian Sands,Jazz
Skipinnish,Celtic
Moving Pictures - Rush Tribute - Scotland,Rock progressif
DJ Twista,Hip-hop
Ronnie White,Soul
Starset,Rock alternatif
Thomas Truax,Musique expérimentale
Orchestra of the City,Inconnu
Tom Robinson,Rock
Anti-Clone,Inconnu
Royal Republic,Hard rock
606 Gospel Group,Gospel
Mo Kenney,Pop
Ray Cooper,Percussionniste
Kyla Tilley,Inconnu
Darts,New wave
Part 1,Inconnu
twen,Pop
Wallows,Indie pop
Los Dedos,Inconnu
crysometimes,Inconnu
Aaron Frazer,Soul
Mount Forel,Inconnu
Bush Doctors,Inconnu
Delivery,Inconnu
Milton Jones,Inconnu
Michael Bernard Fitzgerald,Folk
War Club,Inconnu
Fairytale of New York,Folk
BCee,Rap
The Rollin Stoned,Blues
Gävel,Inconnu
Amelia White,Country
shiv,Inconnu
Joni,Folk
Skantia,Inconnu
Sambroso All Stars,Inconnu
Chrissi,Inconnu
Hex Girlfriend,Inconnu
FEZ,Chiptune
Simeon Hammond Dallas,Inconnu
Frank Skinner,Inconnu
Aqualine,Inconnu
Gareth Malone,Classique
Raven Gray,Inconnu
Kazeem Jamal,Inconnu
David Collins Folk,Folk
Amnesia Scanner,Hyperpop
Tungz,Rap
Andrew Ryan,Inconnu
Fisherman's Friends,Folk
Sunni Leilani,Pop
Chaos In The CBD,Hip hop
Tara Lily,Inconnu
Young Musicians Symphony Orchestra,Classique
Irina Rimes,Pop
Sulk,Inconnu
Etana,Reggae
Will Brown,Inconnu
Kenny Ken,Rap
Singers,Inconnu
Abe Partridge,Americana
Comma Dee,Inconnu
Dylan Moran,Inconnu
Red Telephone,Pop
Concentration,Inconnu
Black Market Karma,Rock
LAGOS THUGS,Afrobeat
Risen Prophecy,Inconnu
Suze Ijó,Afrobeat
The Monochrome Set,Post-punk
Daybreak,Inconnu
French Exit,Inconnu
Big Hen,Inconnu
Catrin Finch,Musique classique
Doom,Metal
The Mouse Outfit,Hip Hop
CLT DRP,Inconnu
Taahliah,Pop
Garrison Keillor,Folk
T4L,Hip-hop
John Gomez,Inconnu
The Alfies,Inconnu
Women in Rock,Inconnu
Bob Harris,Folk
Betty and The Bootleggers,Jazz
A.R.T,Inconnu
Bryan Gee,Drum and bass
Madalitso Band,Inconnu
The Frixion,Inconnu
Lizzie Hosking,Inconnu
Emily Makis,Inconnu
Fairground Attraction,Folk
Georgie Hume & The Pity Party,Indie Pop
Pablo Productions,Inconnu
COLD IN BERLIN,Darkwave
The Monday Smile,Inconnu
CHEWY SHE,Pop
Sibilla,Pop
Russell Walker,Inconnu
HighSchool,Inconnu
Willie Peyote,Hip hop
Sugar Horse,Inconnu
Siren,Inconnu
Breeton Boi,Hip hop
Gus,Inconnu
Laura Evans,Pop
Deptford Dub Club,Dub
Derrick Sound,Inconnu
PVA,Hyperpop
Foreign Mornings,Inconnu
David Kofi,Inconnu
Joshua Roberts,Inconnu
Katie Boyle,Inconnu
ShortStraw,Pop punk
OWES,Inconnu
Conan,Inconnu
WAAW,Inconnu
Longheads,Inconnu
Savannah Gardner,Inconnu
Rollo Doherty,Inconnu
Morton Valence,Inconnu
VLAD IN TEARS,Hyperpop
David Cronenberg's Wife,Inconnu
Matt Sweeney,Rock
Ray Gelato,Jazz
Tom Lukas Music,Inconnu
MoBlack,House
PALE WAVES,Indie rock
Good Neighbours,Inconnu
Nadim,Inconnu
Parakeet,Inconnu
Jim White,Americana
Aliza Hava,Inconnu
Charlie P,Pop
YellowStraps,Hip-hop
Joywave,Indie pop
Stephen Bailey,Inconnu
Gary Delaney,Inconnu
Jah Khalib,Hip-hop
Oktoberfest,Musique populaire allemande
Blitz Playhouse,Inconnu
Disco 2000,Pop
Sam Gellaitry,Electronica
iNTROSPEKT,Inconnu
Starlight Express,Rock
James Massiah,Hip-hop
Zero Gravity,Inconnu
Tim Hause,Inconnu
Blind Channel,Metalcore
The Black Capes,Rock
The Skabilly Rebels,Ska punk
Transmigration,Inconnu
The People Assembly,Inconnu
Lynks,Hyperpop
Kaelin Ellis,Jazz
Patiño,Inconnu
Lindsey Webster,Jazz
Raquel Martins,Inconnu
Winterage,Power metal
NikNak,Inconnu
Tom Carradine,Inconnu
Kill Bosco,Hip-hop
Anti-Nowhere League,Punk
Liquid Earth,Inconnu
Dillinja,Drum and bass
Tyvek,Post-punk
Shampain,Rap
Toploader,Pop
Salt House,Inconnu
The Darts - US,Power pop
Eynka,Pop
The Big Sing,Inconnu
Andie Moon,Pop
HIPPOTRAKTOR,Inconnu
Anu,Inconnu
DoFlame,Rap
itch,Inconnu
Mampi Swift,Musique Zambienne
The Untouchables Blues UK,Blues
ATER,Inconnu
Cregan & Co,Inconnu
Amnesiak,Rock alternatif
Mara Simpson,Inconnu
Ain't,Inconnu
Jesus Jones,Alternative rock
KOROLOVA,Pop
The Libertines,Garage rock
Dxnte,Inconnu
Y&T,Hard rock
Tom Rasmussen,Inconnu
DJ Hazard,Drum and bass
Karl Phillips,Inconnu
Ghetts,Grime
Lauren Housley & The Northern Cowboys,Country
ROCHE MUSIQUE,Inconnu
Calvin Karass,Inconnu
Beau Wanzer,Musique industrielle
Drella (UK),Inconnu
Sandra Kerr & John Faulkner,Inconnu
Richard Ashcroft,Rock
Benjamin Grosvenor,Classique
Tom Walker,Pop
Mackwood,Inconnu
Äyanna,Inconnu
Julius Rodriguez,Jazz
Unglued,Inconnu
No Bra,Inconnu
Toothpaste,Inconnu
EMIKA,Electronica
Maximo Park,Indie rock
Dura Mater,Inconnu
Justin Adams,World
Linval Thompson,Reggae
The Rools,Inconnu
Camden,Inconnu
Rona Mac,Pop
Michael Shafar,Inconnu
ilario ferrari,Classique
Cara Rose,Inconnu
Forest Swords,Darkwave
KalemGR,Inconnu
Steve Lamacq,Inconnu
The Picturebooks,Garage rock
InTwo Singers,Inconnu
LOGIC1000,Inconnu
Alex Ward,Inconnu
Majid Bekkas,Gnawa
Amber States,Inconnu
Andrew Cassara,Inconnu
Errol Linton,Inconnu
Mr. K,Inconnu
Wide Awake Club,Electronica
Spectral Wound,Black metal
Nuklear Mc,Rap
Tv People,Inconnu
EWOOD,Inconnu
Candlelight Concerts Club,Classique
MEWN,J-Pop
Sonic Boom,Rock
Radhika Das,Bhajan
The Decadent Dayze,Inconnu
BE N!CE,K-pop
JASON BYRNE,New wave
Johanna,Inconnu
Sum 41,Pop punk
Joe Locke,Jazz
Sunny Senwal,Inconnu
Ginger Wildheart,Rock
The Magpies,Folk
FMA + 12 Gage,Inconnu
Death Valley Knights,Inconnu
Matt Bragg,Inconnu
Tonino Baliardo,Gipsy
Tom Auton,Inconnu
LeBlanc,Inconnu
Knives,Inconnu
Falz,Afrobeat
Fractured,Inconnu
CURSER,Metalcore
Saint Agnes,Inconnu
Da4th,Hip-hop
Cheap Dirty Horse,Inconnu
Salamanda,Inconnu
Tenebrae Choir,Musique classique
Polaris,Metalcore
Rotaries (UK),Inconnu
Maya Youssef مايا يوسف,Musique classique arabe
Isabel LaRosa,Inconnu
Tim Edey,Folk
Tom Robinson Band,Rock
Nik Sheva,Rap
Jasper James,Pop
Dom Pipkin and the Ikos,Inconnu
Martin Stephenson & The Daintees,Folk
Sean Mason,Inconnu
Tariq.B,Inconnu
RoadClosed,Chiptune
Stephen Malkmus,Indie rock
I Love The 80s,Inconnu
AOB,Inconnu
Mark Landragin,Inconnu
Charlie Smith,Inconnu
D'Ukes,Ukulele
Ian Shaw,Jazz
Helen Ganya,Pop
AyChibs,Inconnu
Conor McLain,Inconnu
Michael Rault,Garage rock
Martyn Roper,Inconnu
Käärijä,Trap
Freddie Gavita,Jazz
YG Marley,Dancehall
Roswell,Inconnu
Audio,Inconnu
Oversize,Inconnu
More Money,Hip-hop
The Freakshow,Inconnu
Luke Jackson,Inconnu
This Is Halloween,Rock
Rebecca Ferguson,Soul
SOAP,Inconnu
Svirgo19,Inconnu
Uncle Funk's Disco Inferno,Disco
Ellen Williams,Inconnu
Alia Lowers,Inconnu
Will Finn and Rosie Calvert,Inconnu
Jeremy Warmsley,Inconnu
Swimming Bell,Inconnu
Rugrat,Inconnu
Kiala,Inconnu
Marc de la Linde,Inconnu
Chile,Nueva canción
Tega,Inconnu
Marianne Leigh,Inconnu
24hrken,Hip hop
BERRIES,Inconnu
Sol Paradise,Inconnu
Con,Inconnu
Bakey,Inconnu
iNKOGNiiTO,Inconnu
Cristina Hart,Inconnu
Skinny Living,Indie folk
When Rivers Meet,Folk
Lovra,Inconnu
DIRTY POP!,Pop
Dave Browne,Inconnu
Jazz And Wine,Inconnu
Last Apollo,Inconnu
Zealous,Inconnu
Celtic Folk,Folk
tigerBalm,Inconnu
Vivien Goldman,Post-punk
Steve Jinski,Inconnu
Nightbus,Inconnu
Ghost Bath,Blackgaze
Tre allegri ragazzi morti,Rock
yndi halda,Post-rock
Courtesy,Hip hop
Speed,Electronique
Adam Beyer,Techno
Motel Sundown,Inconnu
Dog Food,Inconnu
Dembis Thioung Page,Inconnu
Gino,Inconnu
TR,Inconnu
Louise Atkinson,Inconnu
DJ Hutch,Inconnu
P Money,Grime
Blackeye MC,Rap
ONE OK ROCK,Rock
Sofi Vonn,Inconnu
McFly,Pop punk
Honeybadger,Inconnu
Doops,Inconnu
Edwina Hayes,Blues
Eyelar,Inconnu
Matt Smith,Inconnu
Peter White,Smooth Jazz
Tribal House,House
Hang Massive,World Music
Chris Buck,Inconnu
Waterlog,Electronica
Sad Night Dynamite,Alternative
Homesick Hollow,Inconnu
Man The Lifeboats,Indie rock
Hot Knives,Indie rock
Master Peace,Hip-hop
Japanese Television,Inconnu
Harold López-Nussa,Jazz
Leddra Chapman,Folk
Sugar Free,J-Pop
Thieves Of Liberty,Folk
Lana del Rabies,Inconnu
Wyclef Jean,Hip-hop
Henry Spencer,Inconnu
Lucy Clearwater,Inconnu
Disco Bloodbath,Death metal
Morganway,Inconnu
My Life Story,Inconnu
Pauline Henry - The Chimes,Inconnu
Yasmin Coe,Pop
Stratos,Inconnu
Dux Content,Inconnu
Kenny Thomas,Soul
Old Sea Brigade,Indie folk
Little Juke,Inconnu
Full Blown Chaos,Inconnu
Tita Lau,Pop
Our Lives in Cinema,Inconnu
Lizzie No,Inconnu
GAFF,Inconnu
Depeche Mode Party,Synthpop
Guy Davis,Blues
NO CIGAR (NZ),Inconnu
Republica,Britpop
The Mosquitoes,Inconnu
Zombina and the Skeletones,Rockabilly
Lauren Auder,Indie pop
Bruise Violet,Inconnu
Altego,Inconnu
Inlak'esh (UK),Inconnu
Jack Botts Music,Inconnu
Jamie Grey,Inconnu
Glenn Moore,Classique
Ant TC1,Rap
Arcando,Inconnu
Tom Lewis,Inconnu
Hayd,Classique
Ben Poole,Blues
Luthernist,Inconnu
Lucia & The Best Boys,Inconnu
SAN HOLO,Electronica
Story Of Swing,Swing
Singuila,R&B
Crawdaddy,Rock and roll
STONE,Inconnu
Mr. Thing,Inconnu
Jasdeep Singh Degun,Inconnu
Osas,Inconnu
Stereo MC's,Big Beat
Matt Jam Lamont,Inconnu
The Milkmen,Power pop
The Tallis Scholars & Peter Phillips,Musique Renaissance
Sierra Boggess,Musical Theatre
Dave O'Higgins,Jazz
Afro Celt Sound System,World music
Goblin (band),Musique progressive
QZB,Inconnu
Man/Woman/Chainsaw,Metalcore
John Grant,Indie pop
Reg Meuross,Folk
Forest Claudette,Inconnu
Johnny Lloyd,Inconnu
Lucy Woodward,Pop
Emmett Kelly,Inconnu
The John Martyn Project,Folk
Gaz Brookfield,Folk
Within Destruction,Deathcore
Stormborn,Metal
Alan Carr,Inconnu
John Paul White,Americana
Hunee,House
Norman Watt-Roy,Rock
Gin,Inconnu
Bity Booker,Inconnu
Search Results,Inconnu
ISQ,Inconnu
Gaby Moreno,Pop
The Scribes,Inconnu
Douglas Dare,Electronica
Tom McRae,Folk
Tex,Country
Isabella Coulstock,Inconnu
Sam Lee,Folk
Luca Testa,Inconnu
DJ Rush,Techno
Brie,Inconnu
Belonging,Inconnu
Joshua Zulu,Inconnu
Jess Morgan,Inconnu
The Bluetones,Britpop
Hil St Soul,Soul
Joe Ford,Inconnu
Tom Rxxd,Rap
Charlie Lovell-Jones,Inconnu
Machinedrum,Hip hop
Scared,Inconnu
Pauline Herr,Inconnu
Pioneer,Inconnu
Balter,Pop rock
Ms. Lauryn Hill,Hip-hop
Ośka,Hip-hop
LESS THAN HUMAN,Inconnu
Barrioke,Inconnu
The Mall,Inconnu
Chicane,Progressive trance
Big Breeze,Inconnu
The Cimarons,Musique caribéenne
Horse Jumper of Love,Indie pop
Russell Howard,Inconnu
Prolix,Inconnu
Bontan,House
TheRealTheWarrior,Inconnu
Joe Sutherland,Inconnu
Bobby Bazini,Pop
The Young Property Developers,Inconnu
Clementine Douglas,Inconnu
Cruza,Inconnu
Top,Inconnu
White Noise Machine,Ambient
These Wicked Rivers,Folk
Flamingods,Psychédélique
Thomas Heppell,Inconnu
Indifferent Engine,Inconnu
Omar Rudberg,Pop
V:rgo,Inconnu
Healthy Junkies,Inconnu
Angel,Hard rock
Alice Gift,Inconnu
VRï,Inconnu
Mr Hyde,Inconnu
Hamzaa,Rap
Commercia,Inconnu
The Last Dinner Party,Indie pop
Now Ex,Inconnu
Champagne,Inconnu
Bishi,Inconnu
Seckou Keita,Musique africaine
Monochromatic Visions,Inconnu
Late Replies,Inconnu
Niall McCabe,Inconnu
music by march,Inconnu
The Q-Days,Inconnu
Laura Quinn,Inconnu
Los Fuckin´ Surfer Smokers,Surf rock
English Chamber Orchestra,Classique
80svs90s,Inconnu
Cyril Cyril,Pop
Si Connelly,Inconnu
CHISARA AGOR,Inconnu
The Dung Beatles,Inconnu
John Spillane,Folk
Wallace,Inconnu
Miso Extra,Inconnu
Costume Party,Inconnu
Timmo Hendriks,Trance
April Jai,Pop
Billy Pod,Inconnu
"Global Touring & Promotion, Inc.",Inconnu
JSCA,Inconnu
Task Horizon,Inconnu
triage,Inconnu
The Tubs,Inconnu
Sheisty Khrist,Rap
The beautiful game,Pop
Clannad Music,Celtic
Creeping Jean,Inconnu
Claire M Singer,Inconnu
Omar,R&B
The Tallis Scholars,Musique Renaissance
Zetra,Inconnu
GIFT,Inconnu
Ruth Goller,Inconnu
Rob Picazo,Inconnu
HCK9,Inconnu
No Limit Street Band,Inconnu
Thank,Pop
Nu:Tone,Drum and bass
HEDRA,Inconnu
The Jive Aces,Jive
Moin,Inconnu
Harry Marshall,Inconnu
Niamh Ní Mheara,Musique traditionnelle irlandaise
Le Boom,Inconnu
Reza Pishro,Pop persane
South of Polaris,Folk
Caravan Palace,Electro-swing
Jasper Tygner,Inconnu
Divorce,Inconnu
Hemmingway,Inconnu
Johnny Cash Roadshow,Country
Sophie Faith,Pop
Meera,Inconnu
Jamo,Inconnu
John Hastings,Inconnu
Kartell,Information non disponible
Under The Spotlight,Inconnu
The 251s,Inconnu
Cucamaras,Inconnu
"Empires, Empires",Pop rock
Ocean Planet,Inconnu
Jon Coley,Inconnu
Antonio Forcione music,Jazz
Musicals - Ultimate LIVE Band Singalong,Musique de comédie musicale
King Buzzo,Stoner rock
Takuya Kuroda,Jazz
Plasticine,Inconnu
Maverick Sabre,Soul
White Raven Down,Inconnu
Electromantics,Inconnu
Special Kinda Madness,Ska
Gabriel Moreno,Inconnu
Jotham,Inconnu
B-Sydes,Inconnu
Slow Life,Inconnu
Rishabh Jain,Inconnu
Aj allen,Pop
Lizzy McAlpine,Folk
Eyesore & the Jinx,Metalcore
Bushwacka!,Folk
Matt Wilde,Inconnu
Project MultiVitamin,Inconnu
Red Sky July,Inconnu
MC DET,Rap
Hotwax,Inconnu
Emmanuel Jal,World Music
Filippo Dall'Asta,Classique
Solo Banton,Reggae
Finnegan's Revival,Folk
The Ghost Inside,Metalcore
Hornets,Inconnu
Fimiguerrero,Inconnu
Eulogy,Metalcore
Sash!,Dance
Currls,Pop
Karen Jonas,Americana
Jack Patchett,Inconnu
Sofia Kourtesis,House
Josh Parkinson,Inconnu
Abdoujaparov,Inconnu
MTRNICA,Hyperpop
Batushka,Black metal
The Bohemians,Rock
El Moono,Inconnu
Juls,Afrobeat
Matyas Gayer Trio,Jazz
Ditch the Demon,Inconnu
Hoax,Pop
Joshua Burnell,Inconnu
Daniel Inzani,Inconnu
Nige,Inconnu
Mic Righteous,Grime
Kaia Kater,Folk
Bob Sinclar,House
The Cinelli Brothers,Information non disponible
HIMALAYAS,Inconnu
Drum n Bass,Drum and Bass
Wildes,Pop
Becky Hill,Pop
Warrior Queen,Inconnu
Sosa,Rap
Priscillia,Inconnu
Chasing Deer,Inconnu
No Jacket Required,Pop
TJ Johnson,Inconnu
Gareth Malone's All Star Choir,Pop
HAWXX,Inconnu
Fulu Miziki,Afrobeat
Ania Hoo,Inconnu
PDR,Inconnu
Kae Kurd,Hip-Hop
Car Boot Sale,Inconnu
Dream Theater,Progressive metal
The Skints,Ska-Punk
1-800 Girls,Inconnu
HALO MAUD,Pop
The Green Ray,Inconnu
The Strange Fumes,Inconnu
Charlie Dark,Inconnu
fabriclondon,Inconnu
Hainbach,Inconnu
Esme Emerson,Inconnu
The Silent Era,Inconnu
Waco,Inconnu
Alpha Omega,Inconnu
Gee Bag,Inconnu
Qadasi,Inconnu
Hayseed Dixie,Information non disponible
The Dead Can Wait,Inconnu
GoGo Penguin,Jazz
Nicky Romero,Electro House
Ragz Originale,Rap
Tom Mansi and the Icebreakers,Inconnu
Uncle Lucius,Red Dirt
Albion,Inconnu
Tom Allen,Inconnu
thistle.,Inconnu
Trevor Dunn,Avant-garde
Swell Maps,Post-punk
ear candy,Inconnu
Slow Cooked,Inconnu
PARTYNEXTDOOR,R&B
Miki Berenyi,Shoegaze
Stuart Murdoch,Indie pop
Jade Hairpins,Inconnu
Symphonica Orchestra,Classique
So Good,Pop
Honess Jones,Inconnu
Conner Youngblood,Inconnu
Chelsea Wolfe,Metal gothique
Dan Owen,Soul
Cox,Inconnu
AC13,Inconnu
The British Carpenters,Inconnu
Bug Eyed,Inconnu
The Tiger Lillies,Musique de cabaret
Cormac Russell,Inconnu
Harmonic Swamp,Inconnu
South Coast Blues Jam,Blues
Double O,Inconnu
Leonardo Giuliani,Inconnu
Halloween Party,Inconnu
Chris Kent,Inconnu
Gizmo Varillas,Inconnu
Belvedere,Punk rock
Peri Rae,Pop
Con un deca,Inconnu
RAEGAN,Inconnu
The Evening,Inconnu
Battle Born,Pop rock
Dizzee Rascal!,Grime
Guava,Inconnu
Gift,Inconnu
Abba Revival Band,Pop
Áine Deane,Folk
LØLØ,Pop
Jack Francis,Inconnu
Jack Panther,Inconnu
Black Loops,Electro
Judah,Inconnu
Mantra,Inconnu
Hot Juice,K-pop
Taz,Inconnu
Tatiana Eva Marie,Jazz
Сергей Васильевич Рахманинов,Romantique
Metalworks,Inconnu
Duncan Riddell,Inconnu
Allt,Inconnu
John Maus,Indie rock
Avangart Tabldot,Inconnu
Mungos HIFI,Dub
Gaudi,Inconnu
Folly Tree,Inconnu
Gurl,Inconnu
Bryony Dunn,Inconnu
BLÁNID,Pop
End It,Emo
Self-Tape,Inconnu
Colin Francis Project,Inconnu
Soft Launch,Inconnu
Rob Tognoni,Inconnu
Walk Right Back,Doo-wop
Cap1talA,Rap
Mark Ski,Inconnu
Natalie Lindi,Inconnu
Brian Richburg jr,Inconnu
Lip Filler,Pop
Jade Helliwell,Inconnu
Anna Clyne,Classique
Twins,Inconnu
The Vaselines,Indie pop
The Narcissist Cookbook,Inconnu
Black Veil Brides,Metalcore
Jess Bays,Inconnu
Kapil Seshasayee,Inconnu
Comic Sans,Inconnu
STELLVRIS,Inconnu
Nick Costley-White,Inconnu
Stuart McCallum,Inconnu
Afrodream,Afrobeat
7 Seconds of Love,Pop
The Silver Lines,Inconnu
Kiki Annette,Inconnu
bby,Inconnu
&friends,Inconnu
Martin Hayes,Musique irlandaise
Imminence,Metalcore
BALDHEAD,Inconnu
Marcus Brigstocke,Inconnu
Asleep at the Helm,Country
Music workshop,Inconnu
Friktion,Inconnu
JONNY FORD,Inconnu
Pendulum DJ Set,Drum and bass
London Sinfonietta,Classique
V.I.V.E.K,Inconnu
Rachel Parris,Inconnu
Henry Taylour,Inconnu
Daniel Romano,Americana
Leveret,Inconnu
Ben Ellis,Inconnu
Martin Kemp,New wave
FunHaus,Inconnu
Mr H,Inconnu
RealestK,Rap
Will Udall,Inconnu
The Cabarats,Inconnu
SOUL KINDA Wonderful,Pop
Jeremy Stacey,Rock
Ronny Chieng,Inconnu
It Was All A Dream,Hip hop
Harvey Whyte,Inconnu
Michael Head & The Red Elastic Band,Rock
Low Life,Hip hop
Foreign Hands,Inconnu
Harker,Inconnu
Geist,Inconnu
HellBent,Metalcore
Professor Elemental,Hip-hop
Deptford Northern Soul Club,Northern Soul
Jools Holland & His Rhythm & Blues Orchestra,Rhythm and Blues
Melina Blanco,Inconnu
Emanuela,Inconnu
Planningtorock,Electronica
Henry Moodie,Inconnu
Cat Burns,Pop
Terminals,Inconnu
Tara Flanagan,Inconnu
Rachel Croft,Inconnu
The Folly Brothers,Inconnu
The Ragga Twins,Ragga
Someone Like You - The Adele Songbook,Pop
Web,Inconnu
Big Love UK,Pop
SASAMI,Rock alternatif
AY-X,Inconnu
Danny Krivit,House
THE NONE,Inconnu
Brina Knauss,Inconnu
Belle Chen,Pop
Pulp Friction,Inconnu
Mickey B,Inconnu
Rob.Green,Inconnu
Μιλτιάδης Πασχαλίδης,Laïkó
Dorsten,Inconnu
Hamish Stuart,Rock
Kool G Rap,Rap
Breis,Inconnu
Espuma,Inconnu
The Ukadelix,Inconnu
Felicita,Italo Disco
Circus 66,Inconnu
David Grubb,Inconnu
Fera,Inconnu
The Filthy Six,Inconnu
labyrinthine oceans,Inconnu
Venice Heath,Inconnu
Dj Tennis,House
M Field,Inconnu
Grace Campbell,Pop
Danilo Caymmi,MPB
China Bears,Inconnu
Kyrah Gray,Inconnu
MILEY SERIOUS,Inconnu
NORTHERN SOUL,Soul
OLAN MONK,Pop
The Drystones,Folk
Signature Gold,Inconnu
Troy The Band,Inconnu
Popes of Chillitown,Hip hop
Tony Njoku,Inconnu
Free Lunch,Inconnu
Matt Schofield Official,Blues
RICHARD DAWSON,Folk
Iceboy Violet,Hyperpop
Slim,Inconnu
The Sam Chase,Inconnu
Orchards,Indie pop
Asher Roth,Hip hop
milkshed.,Drum and bass
Night Tapes,Electronica
Nitai Hershkovits,Inconnu
Demure,Inconnu
Bex Burch,Inconnu
Geroks,Inconnu
Caldo,Inconnu
Deutsches Filmorchester Babelsberg,Classique
Changeline,Inconnu
Korn Again,Nu metal
Pete Roth Trio,Jazz
Blues Pills,Hard rock
Silverbacks,Indie rock
Alfie,Inconnu
Ben Savage,Inconnu
Norman Cook (a/k/a Fatboy Slim),Big Beat
Planet Rock,Electro
Gregory Tardy,Jazz
Mick Talbot,Pop
Aviana,Inconnu
Marvin Muoneké,Inconnu
The Baby Seals,Inconnu
Micky Flanagan,Inconnu
Biig Piig,Indie pop
Bedroom Poetry,Inconnu
Suspiciously Elvis,Rockabilly
Amique,Inconnu
Hannah Scott,Inconnu
THE GYPSY PISTOLEROS,Rock
Scant Regard,Inconnu
Middlemen,Inconnu
Emma Tea,Inconnu
Splash Point Music,Inconnu
Stick in the Wheel,Folk
Drew McDowall,Musique expérimentale
Tom Bright,Inconnu
Laurie Black,Inconnu
A Love From Outer Space,Inconnu
Emilia Quinn,Pop
Age Of Consent,New wave
Ben Chango,Inconnu
Holger Marjamaa,Inconnu
Aly Berry,Inconnu
Lei Hope,Inconnu
Flowdan,Grime
Berry,Rock and roll
Navigator,Inconnu
Ineza,Inconnu
Sarabanda,Baroque
chris hall,Inconnu
Blud,Information non disponible
Little Comets,Indie Pop
Half Decent,Hip-hop
RHCP Experience,Inconnu
Lenzman,Drum and bass
Sunfall,Inconnu
Loie,Inconnu
Eyes Of Albion,Folk metal
Harry Hill,Inconnu
Nikki Nair,Inconnu
Mizmor,Black Metal
Foyer Red,Inconnu
Fruko y Sus Tesos,Salsa
Royal Philharmonic Orchestra,Classique
Rich Evro Reid,Inconnu
sullii,Information non disponible
Marina,Pop
Natty Bo,Dancehall
Pixey,Indie pop
Cold Cave,Darkwave
Hope Tala,R&B
Fini Bearman,Inconnu
Brigitte Beraha,Jazz
Silvercain,Inconnu
Infa Riot,Metalcore
Nahko and Medicine for the People,Folk
Kornél Kovács,House
Knock Off,Inconnu
Jazzie B,Soul
Alice Armstrong,Inconnu
Duke Street Big Band,Jazz
Fanfare Ciocărlia,Balkan brass
Rose Cousins,Folk
Stogie T,Hip hop
Dhani Harrison,Rock
Rabbitfoot,Inconnu
Raised By Owls,Folk
Il Divo,Pop
Torann,Inconnu
Kiki Dee and Carmelo Luggeri,Pop
Employed To Serve,Metalcore
Mamacita,Reggaeton
Ashbeck,Inconnu
Tawiah,Soul
AVRALIZE,EDM
Klangkarussell,Electro House
Nick Heyward,Pop
Paper Beat Scissors,Expérimental
Nathan Dawe,House
Tomasz Bura Group feat. RŪḤ & Guthrie Govan,Jazz fusion
Fruko,Salsa
James Jordan,Inconnu
Jumaane Smith,Inconnu
No Such Thing As A Fish,Inconnu
Rolling Thunder (UK),Hard rock
KidTye,Pop
Hot Chip,Electro
Nikki Loy,Inconnu
Young Theodore & Shoeless Joe,Inconnu
Child,Inconnu
Connor Thomas,Information non disponible
HEAVY　METAL,Heavy Metal
Dan Croll,Indie pop
DJ Supa D,Inconnu
The Smyths,Jangle-pop
Kathryn Roberts & Sean Lakeman,Folk
Alien Chicks,Inconnu
Ivo Neame,Classique
Concorde 2,Inconnu
Hackney Colliery Band,Brass Band
Ist Ist,Indie pop
Hal Cruttenden,Inconnu
The World,Inconnu
cimarons,Musique du monde
Brother Culture,Reggae
The Mourning After,Inconnu
Thomas CVD,Inconnu
Simon Amstell,Inconnu
Quartz,Hard rock
Wayne Hernandez,Inconnu
Federico Pedone,Inconnu
Kynsy,Inconnu
Roza Terenzi,Techno
Roxanne de Bastion,Pop
Daniele Baldelli,Italo disco
DJ Hybrid,Drum and bass
Chris Helme,Rock
Junk Season,Inconnu
Neil Cowley,Jazz
Dreadzone,Ragga
Phoenix Rose,Information non disponible
Treacherous Cretins,Inconnu
Boogie Belgique,Electro
Dan Thomas,Inconnu
Will Gregory Moog Ensemble,Electronica
Trunks,Inconnu
Original Sin,Inconnu
Alexandra Lowe,Inconnu
The Hard Quartet,Inconnu
Charli Jordan Chamberlain,Inconnu
The Sunken Sea,Inconnu
The Irrepressibles,Avant-garde
Christian Zacharias,Classique
The Marked Men,Garage rock
Donovan KINGJAY,Dancehall
HerOrangeCoat,Inconnu
Art Brut,Information non disponible
Oh Baby,R&B
SHENIN AMARA,Inconnu
John Glacier,Hip hop
Sketches,Inconnu
Zeggé,Inconnu
Sally C,Inconnu
Eli Keszler,Musique contemporaine
Tez,Inconnu
Bull,Inconnu
Hangman's chair official,Metal
Sebastian Schub,Inconnu
in evil hour,Folk
Wes Baggaley,Inconnu
LSB,Inconnu
Ed,Pop
Citizen,Emo
JulianGK,Inconnu
The Fires Below,Metalcore
UK Foo Fighters,Inconnu
Kinnaris Quintet,Musique classique
slate,Inconnu
Brian Smith,Inconnu
Retro Groove,Inconnu
Young Musicians Symphony Orchestra - YMSO,Classique
Tokyo Tea Room,Inconnu
Planet Zuzy,Inconnu
Wishbone Ash,Rock
Bette Smith,Inconnu
Lice,Inconnu
Pink Mario,Inconnu
Judie Tzuke,Soft rock
Horizon Five,Inconnu
Bratty,Indie pop
Rayos Láser,Cumbia
Bill Laurance,Jazz
The Kooks,Indie rock
Indigo Apartment,Inconnu
Richard Hadfield,Inconnu
Granny's Attic,Inconnu
Carter Morgan,Inconnu
MANIC MONDAYS,Synthwave
Obongjayar,Afro-fusion
HD-4884,Inconnu
Gustavo Santaolalla,Musique de film
Jady,Inconnu
Theo Vandenhoff,Inconnu
Keep Breathing,Inconnu
Would-Be-Goods,Inconnu
Frank Carter & The Rattlesnakes,Punk rock
Hey Colossus,Rock expérimental
Tear Up,Inconnu
Ride,Shoegaze
Maleek Berry,Afropop
bôa,K-pop
The Pogue Traders,Folk punk
Sara Pascoe,Inconnu
Lower Slaughter,Inconnu
Scott Matthews,Folk
Michael Law's Piccadilly Dance Orchestra,Musique de danse
Cheerless,J-Pop
Paper Hats,Inconnu
VILLANELLE,Inconnu
The Hanging Stars,Inconnu
Clive Bell,Inconnu
Sivu,Pop
Amsterdam,Inconnu
Blow Up,Inconnu
Louise Balkwill,Inconnu
Q & A Session,Inconnu
Alastair Greene Band,Inconnu
Erica Jean,Inconnu
Marley,Reggae
A Different Thread,Inconnu
The Hot One Two,Inconnu
Leif Vollebekk,Folk
Stand,Inconnu
COMMUNITY,Inconnu
The Vi5ion,Inconnu
Shadows of the King,Inconnu
Kaeto,J-Pop
Frankie Stew & Harvey Gunn,Hip-hop
Night in Athens,Classique
Sistra,Inconnu
Amy Speace,Folk
Ryan Elliott,Inconnu
Coals,Inconnu
Ross B,Rap
J.H. Guraj,Inconnu
The Sesh,Folk
Midnight Pilots,Inconnu
A Foreigners Journey,Pop
The Real Thing (UK band),Funk
Soulprison,Inconnu
Alastair Greene,Inconnu
Birds of Mind,Inconnu
OrangeBox Theatre Group,Inconnu
Ragga Twins,Ragga
Baxter Dury,Indie rock
Fred Lane,Inconnu
Saint Motel,Indie Pop
Set in Stone,Metalcore
DropSet,Inconnu
Seb Lowe,Inconnu
BROCKHOFF,Inconnu
Goat,Psychédélique
Antelope,Inconnu
John Ward,Inconnu
Dreamwalks,Inconnu
Chidimma,Gospel
Kitten Pyramid,Inconnu
Orange Goblin,Stoner Rock
Valeria Kurbatova,Inconnu
The Distance,Rock
Jay Malakhi,Inconnu
Great Lake Swimmers,Indie folk
Ed Gamble,Inconnu
Stoned Jesus,Stoner rock
Contortion,Inconnu
Pete and Bas,Comedy
Idols,J-Pop
The Enemy,Indie rock
The Gulls,Inconnu
Denham Audio,Inconnu
Charlés,Chanson française
Neue Grafik,Inconnu
Joe Unknown,Inconnu
The Beatles Dub Club,Dub
Ahmed Spins,Inconnu
Cat Ryan,Inconnu
Darren Harriott,Inconnu
Delaire The Liar,Inconnu
Cassian,Electronica
Cash Only,Hip-hop
sadplanet,Hyperpop
Jim Causley,Folk
Neil Hamburger,Comedy
Lou Terry,Inconnu
Channel One Soundsystem,Dub
Mama's Gun,Folk
Liva K,Pop
Call Me Karizma,Hip hop
Overmono,Techno
Oliver Robinson Music,Inconnu
Kollaps,Inconnu
Andrea Ljekaj,Pop
Oysterband,Folk
Adam Ant,New wave
Laurel,Inconnu
Julian Ovenden,Musical theatre
Polly Money,Inconnu
Janice Burns & Jon Doran,Inconnu
Gretchin,Inconnu
Bunkr,Inconnu
80's Live,Pop
Booze & Glory,Oi!
Inês Loubet,Pop
Toby Walker,Inconnu
Smoove and Turrell,Jazz
SORRY,Pop
English Garden,Inconnu
BIG WETT,Hip hop
Jessica Fostekew,Inconnu
Sunflower Thieves,Indie pop
Club 80s Live,Pop
Gildas Quartet,Classique
AINT,Inconnu
oldboy,Inconnu
Azekel,R&B
A Man About A Dog,Inconnu
jev.,Inconnu
BIG ROOM,EDM
WhoMadeWho,Electronica
Drum,Inconnu
Antonio Forcione,Jazz
Tomoko,Inconnu
Wax Head,Inconnu
Izzie Yardley,Inconnu
Peter Perrett,Post-punk
Ariel Posen,Blues
HollowKin,Inconnu
MULATU  ASTATKE,Ethio-jazz
Creeper,Rock
The Northern Cowboys,Country
The Menstrual Cramps,Inconnu
Bacchus,Inconnu
ARTMS,Inconnu
Lankum,Folk
LOVELL,Pop
The Malakites,Inconnu
MC Fearless,Hip hop
SPINALL,Afropop
Jam City,Inconnu
Tom Rosenthal,Indie folk
Jim Lockey & the Solemn Sun,Folk
I'm Every Whitney LIVE,Pop
The Worried Men,Inconnu
RED HOT RIOT,Funk rock
A.G. Cook,Hyperpop
Fever Rouge,Pop
Max Taylor,Pop
MION ミオン,J-Pop
Kinzoku,Inconnu
3 Sud-Est,Pop
Aqyila,Inconnu
El Khat,Inconnu
Guilherme,Inconnu
Day,Inconnu
Bossaphonik,Electro-Swing
Olcay Bayir,Inconnu
Anna McLuckie,Inconnu
Nick Mills,Inconnu
Sam Karam,Inconnu
Cairo,Inconnu
Winston Francis,Reggae
Nasty C,Hip hop
j noa,Pop
Ann Hampton Callaway,Jazz
Casisdead,Hip hop
Aspyrian,Inconnu
Billy Nasty,Hardcore
Gerald Clayton,Jazz
So Diva,Pop
FRAMELESS,Inconnu
BN1,Inconnu
Maddalena Ghezzi,Classique
Richard Elliot,Smooth Jazz
Pour It Up,Hip hop
O'Flynn,Inconnu
congratulations,Pop
Codename Colin,Inconnu
Ese,Inconnu
Casey MQ,Pop
Delights,Inconnu
Jidé Kuti,Afrobeat
Sugar Darling,Inconnu
Vivaldi's Four Seasons (Violin Concerto),Baroque
Sick Days,Inconnu
Nya,Inconnu
Joe Goddard,Electronica
Tempers Fray,Inconnu
Chainsaw,Inconnu
Coma Rossi,Inconnu
Mardy Bums,Inconnu
DK,Inconnu
Mafia & Fluxy,Inconnu
Blue Bendy,Inconnu
Madmans Esprit,Inconnu
Mk.gee,Drum and bass
DJ Joshua James,Inconnu
Free Shots,Inconnu
superSIZE,Inconnu
Bombino,Blues
Cosmorat,Inconnu
Sharon Shannon,Musique celtique
Paper Anthem,Inconnu
The Vaccines,Indie rock
Emma Blackery,Indie pop
Dee C Lee,Inconnu
Chance Peña,Information non disponible
The Bitter Pills,Information non disponible
Roni Bar Hadas,Information non disponible
Latin Quarter,Information non disponible
Fink,Information non disponible
Marty Stuart,Information non disponible
John Kearns,Information non disponible
AME,Information non disponible
Agnieszka Chylińska,Information non disponible
Mohair,Information non disponible
The March Fleet,Information non disponible
Beatrice Nicholas,Information non disponible
Queen Kwong,Information non disponible
The Gonads,Information non disponible
Wideboys,Information non disponible
Richie Davis,Information non disponible
Los Gaiteros de San Jacinto,Information non disponible
Piers Lane,Information non disponible
Leena Punks,Information non disponible
MacEagon Voyce,Information non disponible
Junomoon,Information non disponible
Lacuna Coil,Information non disponible
Richard Harwood - cellist,Information non disponible
The New Roses,Information non disponible
Chloe Foy,Information non disponible
Abduction,Information non disponible
Iron & Wine,Information non disponible
Jimmy Carr,Information non disponible
Rox,Information non disponible
Catalyst,Information non disponible
CROWS,Information non disponible
Awake the Dreamer,Information non disponible
Gareth Malone & Gareth Malone's Voices,Information non disponible
Sinead Harnett,Information non disponible
Meryl Streek,Information non disponible
Swim School,Information non disponible
Angry Blackmen,Information non disponible
The Elvis Years,Information non disponible
Overthrone,Information non disponible
Okkervil River,Information non disponible
Paul Higgs,Information non disponible
ATEEZ,Information non disponible
Glowe,Information non disponible
Nick Harper,Information non disponible
Solomon's Knot,Information non disponible
Camden Rocks Club,Information non disponible
Ed Blunt,Information non disponible
THELIMITDOESNOTEXIST,Information non disponible
isaac levi,Information non disponible
Indi,Information non disponible
Tony Law,Information non disponible
Roswell - Band,Information non disponible
Mark Thomas,Information non disponible
Sid Griffin,Information non disponible
Saloon Dion,Information non disponible
Lily Wolfe,Information non disponible
Sound Waves,Information non disponible
Waaju,Information non disponible
Just Radiohead,Information non disponible
Magnolia,Information non disponible
Little Seeds Music,Information non disponible
DizLyric,Information non disponible
A-tota-so,Information non disponible
Dylan And The Moon,Information non disponible
Chiminyo,Information non disponible
This Search For Meaning,Information non disponible
Cori,Information non disponible
Just My Imagination,Information non disponible
Ragevier,Information non disponible
Jetski,Information non disponible
Epsom Salts,Information non disponible
Scientist,Information non disponible
Dead Writers,Information non disponible
Big Narstie,Information non disponible
Plastician,Information non disponible
B. Dolan,Information non disponible
Jazmin Bean,Information non disponible
Fluffmuffler,Information non disponible
Ayla XO,Information non disponible
UK Subs,Information non disponible
Underneath The Stars,Information non disponible
Gin Annie,Information non disponible
Coco And The Lost,Information non disponible
Antares,Information non disponible
Key Glock,Information non disponible
Isaac Ferry,Information non disponible
CJ BEATZ,Information non disponible
Earl Sixteen,Information non disponible
PG Ciarletta,Information non disponible
DJ Rap,Information non disponible
Audrey Powne,Information non disponible
Robyn Perkins,Information non disponible
Vonda Shepard,Information non disponible
Vince Freeman,Information non disponible
FEMUR,Information non disponible
Robert Vincent,Information non disponible
Ola Onabule,Information non disponible
Len,Information non disponible
PHARMAKON,Information non disponible
Leibniz,Information non disponible
Jerron ‘Blind Boy’ Paxton,Information non disponible
adam znaidi,Information non disponible
Amy Gadiaga,Information non disponible
Felicity Ward,Information non disponible
Daley,Information non disponible
Michelle Willis,Information non disponible
LOOK MUM NO COMPUTER,Information non disponible
Tom Aspaul,Information non disponible
Joel Stoker,Information non disponible
Popestars,Information non disponible
National Playboys,Information non disponible
Diego Sampieri,Information non disponible
Moses Sumney,Information non disponible
Maïcee,Information non disponible
Fraser,Information non disponible
Guilt Trip,Information non disponible
Charlie Boon,Information non disponible
Freya Beer,Information non disponible
Boosta,Information non disponible
TOASTRACK,Information non disponible
Ceri James,Information non disponible
Kate Martin,Information non disponible
Joely June,Information non disponible
modernlove.,Information non disponible
Richard Blackwood,Information non disponible
Coco Bryce,Information non disponible
Ryan Culwell,Information non disponible
Stum,Information non disponible
Eights,Information non disponible
Ronan,Information non disponible
Boys Wonder,Information non disponible
Plumhall,Information non disponible
Caroline Rose,Information non disponible
Iván Muela,Information non disponible
easyFun,Information non disponible
Ulysse,Information non disponible
Olcay Bayir Offical,Information non disponible
DJ Lycox,Information non disponible
KimberlyNichole,Information non disponible
Cosmo Sheldrake,Information non disponible
Mark Cox Trumpet,Information non disponible
Tashkezar,Information non disponible
YDEA,Information non disponible
Andy B,Information non disponible
BLK ODYSSY,Information non disponible
Owen Spafford & Louis Campbell,Information non disponible
Sid Sriram,Information non disponible
LYVIA,Information non disponible
Youngr,Information non disponible
Deer Jade,Information non disponible
Dramalove,Information non disponible
Mahalia Music,Information non disponible
Hani Abbasi,Information non disponible
Rise Up,Information non disponible
Bloc Party,Information non disponible
BoA,Information non disponible
jeremy underground,Information non disponible
Monkeyfist,Information non disponible
The Dunwells,Information non disponible
HUMANIST,Information non disponible
Chris Stapleton,Information non disponible
Maruja,Information non disponible
Lifter,Information non disponible
ChemiQueen,Information non disponible
May Rio,Information non disponible
Dub Pistols,Information non disponible
Aoife Ni Bhriain,Information non disponible
Eterna,Information non disponible
Etta Marcus,Information non disponible
Clara Moschetta,Information non disponible
The Carpenters Story,Information non disponible
Alice Cooper,Information non disponible
Beauty School,Information non disponible
Benoit Viellefon,Information non disponible
Brothers Moving,Information non disponible
Jim Lockey and the Solemn Sun,Information non disponible
Paul Young,Information non disponible
Perpetual Paradox,Information non disponible
Rich Fulcher,Information non disponible
Anna Renae,Information non disponible
MT Jones,Information non disponible
Wynona Bleach,Information non disponible
Captain Lee,Information non disponible
Majestic,Information non disponible
Psycho Delia,Information non disponible
The Bob Collum Band,Information non disponible
The American Classic Rock Show,Information non disponible
Josh Arcoleo,Information non disponible
Joe Jackson,Information non disponible
Toby Corton,Information non disponible
Andy Robbins,Information non disponible
Dance Hall,Information non disponible
Blaydek,Information non disponible
Luna Bay,Information non disponible
Mo Gilligan,Information non disponible
Jo Harrop Music,Information non disponible
Chilly Gonzales,Information non disponible
Amber Saqladi,Information non disponible
Snowgoose,Information non disponible
Cody Currie,Information non disponible
Caitlin Moran,Information non disponible
Merrick Winter,Information non disponible
Jonah Kagen,Information non disponible
Rotifer,Information non disponible
Johnathan Blake,Information non disponible
Common People,Information non disponible
Olympe,Information non disponible
The Waeve,Information non disponible
DJ RAE,Information non disponible
SETYØURSAILS,Information non disponible
Paul Richards,Information non disponible
Thwack!,Information non disponible
Kindelan,Information non disponible
DJ Mimi,Information non disponible
John Talabot,Information non disponible
DPR,Information non disponible
TULPA,Information non disponible
The New Immigrants,Information non disponible
RnB Party,Information non disponible
Mechanical Vein,Information non disponible
Ele A,Information non disponible
Dariasirene,Information non disponible
Marten Lou,Information non disponible
Feelings,Information non disponible
Doctor Krapula,Information non disponible
Fulci,Information non disponible
Spindoctor,Information non disponible
Ich Bin Finn,Information non disponible
james parsons,Information non disponible
HEALTH,Information non disponible
X-Coast,Information non disponible
Tankus The Henge,Information non disponible
Tooth,Information non disponible
DJ Storm,Information non disponible
Walter Trout,Information non disponible
MPeach,Information non disponible
Mother Vulture,Information non disponible
Piñata,Information non disponible
Imagine The Beatles,Information non disponible
The Illegal Eagles,Information non disponible
TD,Information non disponible
Black History Month,Information non disponible
Spectrum,Information non disponible
Jon Byrd,Information non disponible
The Pill,Information non disponible
Alex Kate,Information non disponible
Wrong Jovi,Information non disponible
Bertie Newman,Information non disponible
Dj Emz,Information non disponible
Woman,Information non disponible
Zeropolis,Information non disponible
The King Blues,Information non disponible
Come What May - The Ultimate Tribute to Moulin Rouge,Information non disponible
Rob Green,Information non disponible
OSI,Information non disponible
Daniel Levi,Information non disponible
Tony Christie,Information non disponible
Skales,Information non disponible
Johnny Hunter,Information non disponible
Fan Girl,Information non disponible
Gabriella Bongo,Information non disponible
Tess Parks,Information non disponible
LUCY (Cooper B. Handy),Information non disponible
The Wytches,Information non disponible
The Autumn Saints,Information non disponible
THE TRUSTED,Information non disponible
Bird in the Belly,Information non disponible
Curtis Eller,Information non disponible
Josh James,Information non disponible
Middleman,Information non disponible
Sarah Millican,Information non disponible
Loxy,Information non disponible
Lilla Shy,Information non disponible
The Definitive Rat Pack,Information non disponible
MOMO.,Information non disponible
The Umlauts,Information non disponible
Ante-Inferno,Information non disponible
Larry Dean,Information non disponible
Sterling Press,Information non disponible
Ben Elton,Information non disponible
Storytelling,Information non disponible
Michael Gray,Information non disponible
Emilíana Torrini,Information non disponible
pisces,Information non disponible
Marvin Humes,Information non disponible
Jameson,Information non disponible
Will Wilde,Information non disponible
Shez Raja,Information non disponible
UK Pink Floyd Experience,Information non disponible
Stephan Jolk,Inconnu
Rock Atlantic,Inconnu
RiTchie,Inconnu
Tegi Pannu,Inconnu
GOST,Synthwave
JakeTheFirst,Inconnu
Amber lilly,Inconnu
Onda Vaga,Indie folk
Balancing Act,Inconnu
TEll A ViSiON,Inconnu
The Strumbrellas,Inconnu
HeavyDrunk,Inconnu
The Martinez Brothers,House
Kirsty Newton,Inconnu
Claire Richards,Pop
LATER YOUTH,Inconnu
Sam Wilkinson,Inconnu
Pacifica,Inconnu
Harrow,Inconnu
unpeople,Inconnu
laughing out loud,Inconnu
FRANKIE LLUC,Pop
Bootblacks,Inconnu
Duke Dumont,House
Dayramir Gonzalez,Son
ANNA WOLF,Inconnu
Biffy Clyro,Rock alternatif
WOOSUNG,R&B
The Serial Thrillers,Inconnu
Thick Richard,Inconnu
Phoenix Lake,Inconnu
Blood Wizard,Death Metal
Bill Frisell,Jazz
Asiah,Inconnu
Niklas Lukassen,Inconnu
Matilda Mann,Indie pop
Crae Wolf,Inconnu
Turin Brakes,Rock indépendant
Bowen,Inconnu
Terminal 4,Inconnu
Antonio Forcione Fan Club,Inconnu
Dreadnought,Inconnu
The Kobras,Rockabilly
BDRMM,Shoegaze
Dream State,Metalcore
King Kashmere,Inconnu
OMEGA NEBULA,Inconnu
Finley Quaye,Soul
Iman,Inconnu
Daytime party,Inconnu
V?k,Inconnu
Steeleye Span,Folk
Bad Bangs,Inconnu
Pye Corner Audio,Musique industrielle
Olive Jones,Inconnu
Torpedoes,Inconnu
The Greg Coulson Band,Inconnu
Everybody Dance !!,Electronica
Nana Rashid,Inconnu
Deco,Inconnu
Ian Prowse,Rock
Alto,Inconnu
Earl Okin,Inconnu
Will Sheff,Rock indépendant
The Worry People,Inconnu
Benny L,Rap
Butch,Inconnu
Tough Cookie,Pop
Delirium,Inconnu
MaidaVale,Inconnu
The Happy Couple,Inconnu
The Xaviers,Inconnu
Tunguska,Inconnu
Dj NEPTIZZLE,Inconnu
mrk,Rap
Marina P,Pop
Staff Party,Inconnu
MONO (Japan),Post-rock
The Antlers,Indie rock
Marina Satti,Musique du monde
Praise,Gospel
Ricky Gervais,Inconnu
Takeaway Thieves,Inconnu
Bklava,Rap
Neyman,Rap
Supernature Disco,Disco
Dutty Moonshine Big Band,Ska
Paloma Lafitte,Pop
Crowded House,Rock
yunè pinku,Inconnu
The Itch,Punk rock
Leonie Jakobi,Pop
Indoor Foxes,Indie Pop
Krooked Tongue,Hip-hop
new hat,Inconnu
Too Much Too Young UK,Pop
Entek,Inconnu
Fantazmaz,Inconnu
Chum,Inconnu
Frozemode,Inconnu
Michael Palin,Inconnu
Stuzzi,Inconnu
Parisi,Inconnu
DJ S,Inconnu
DJ Brockie,Inconnu
W. H. Lung,Inconnu
Amy Matthews,Inconnu
Thy Slaughter,Death Metal
The Comedy Store,Inconnu
Thistle,Inconnu
D. TIFFANY,Inconnu
Don't Stop Believin',Rock
Inter Arma,Sludge metal
Bria Salmena,Pop
Wendy James,Rock
Henry Grace,Inconnu
Odumodublvck,Information non disponible
Breakup Haircut,Pop
Karen Nyame KG,Afrobeat
Witchsorrow,Black Metal
The Brass Funkeys,Funk
Misha Mullov-Abbado,Folk
Cosmo's Midnight,Future Beats
Skepsis,Drum and bass
Kid Klumsy,Inconnu
Man or Astro-man?,Instrumental Rock
Jaz Kahina,Pop
Reni,Inconnu
Antelope (UK.),Inconnu
New Mind,Inconnu
Molchat Doma,Post-punk
Fucked Up,Hardcore punk
Whiney,Inconnu
The Franks,Inconnu
OH? (FI),Pop
Gareth Donkin,Inconnu
Larkins,Pop
Louise Parker,Inconnu
CATS in SPACE,Rock
TALIA,Pop
Juno,Indie pop
The Holloways,Garage rock
Soccer Mommy,Indie rock
Torus,Inconnu
Ian Prowse & Amsterdam,Rock
The Magic Lantern,Inconnu
Watermelon Slim,Blues
El Guapo,Inconnu
Pearson Sound,Techno
RONNIEE BROOKES,Inconnu
Lens,Inconnu
Buckler's Reel,Musique irlandaise
SLIM CHANCE,Ska
Nightcap,Inconnu
AFRO House,House
Predatur,Inconnu
Mike Dawes,Fingerstyle
Cafe Mambo Ibiza,Baléarica
Danny Rampling,House
Camilla George,Jazz
Nick Helm,Inconnu
MASAL,Inconnu
Echobelly,Alternative rock
Michael Cleary,Inconnu
Excursions,Information non disponible
Norsicaa,Inconnu
Hatsune Miku,J-Pop
Artemis,Inconnu
Massaoke,Inconnu
Montañera,Inconnu
Yur Mum,Inconnu
Pyongyang,Inconnu
Alex McAleer,Inconnu
Michele Stodart Official,Indie rock
Koe Wetzel,Red Dirt
White Label,Inconnu
GLXY,Hyperpop
Iglu & Hartly,Electronica
Kamran Ramsden,Inconnu
Trūst,Metal alternatif
Arms & Hearts,Pop
Elizabeth Sombart,Inconnu
DPR IAN,R&B
Wrest,Inconnu
Jane Frances,Inconnu
Sorrel Nation,Inconnu
Country Folk,Country
Ronn Moss,Pop
New Street Adventure,Inconnu
Sarah Jane Scouten,Inconnu
London Welsh Male Voice Choir,Musique chorale
New Model Army,Rock
Creedence Clearwater Review,Rock
PRICEY,Inconnu
Ão,Inconnu
Evil Scarecrow,Metal burlesque
Paisley Fields,Inconnu
Rave On,Rock and roll
Ironed Out,Inconnu
Angeline Morrison,Inconnu
J.P. Rose,Inconnu
DRS,Rap
retropxssy,Hyperpop
Terra Twin,Inconnu
Lucy Dreams,Pop
The Dream Machine,Inconnu
Michael Messer,Inconnu
Mr. Redley,Inconnu
A Bear,Inconnu
Lady Nade,Soul
Bobby Gillespie,Rock
KEEPER (UK),Inconnu
La Vida Bohéme,Pop
Giuda,Rock progressif
Lies,Inconnu
Shabba,Dancehall
The Desert Plaza,Inconnu
YolanDa Brown,Soul
Nick Byrne,Pop
Altered Images,New wave
Kerizma,Rap
mnelia,Inconnu
Leigh-Anne Pinnock,Pop
Ramonas,Punk rock
Parting With Origin,Inconnu
Powerplant,Inconnu
Dan Whitlam,Inconnu
Moonlight Sonata,Classique
Cindy,Inconnu
sahra halgan,Inconnu
Special Request,House
The Sukis,Inconnu
Dee C. Lee,Inconnu
Dillon Francis,Electro house
City Limits,Inconnu
Merryn Jeann,Inconnu
DZ Deathrays,Garage rock
Emmavie,Indie pop
Maria Wilman,Inconnu
Adult Jazz,Post-punk
Caleb Kunle,R&B
Classical Opera and the Mozartists,Classique
Shrimp Eyes,Inconnu
Luke Edney,Jazz
Jade Louise,Inconnu
Billie Marten,Folk
Bastille,Indie pop
bleach.,Rock
Polevaulter,Inconnu
Lukey B,Inconnu
Steve Knightley,Folk
We'rewolves,Inconnu
Bicurious,Inconnu
QUEEN-GREATEST HITS,Rock
Los Bitchos,Psychédélique
Dexter,Inconnu
Azahriah,Afropop
Drella,Inconnu
The Banned,Inconnu
Crowley,Inconnu
Ryan Adams,Rock
Friday Night Live,Inconnu
Scarper,Inconnu
The Confederate Dead,Musique Folk
Luzmila Carpio,Musique andine
James McVey,Pop
Hangman's Chair,Rock
Kruel Intentions,Metalcore
European 305,Reggaeton
Rosie Hood,Inconnu
Van Houten,Inconnu
Vincent Burke,Inconnu
Automan,Inconnu
The Canny Band,Folk
Laura Zakian,Indie pop
Parasite,Inconnu
Confidence Man,Synth-pop
Leviathans,Inconnu
Katie Gregson-Macleod,Pop
Jim E. Brown,Inconnu
Dogs! Teeth!,Inconnu
Everyone Says Hi,Pop
Malux,Inconnu
Marcellus Pittman,Techno
The Cosimo Matassa Project,Blues
Man On The Moon,Hip hop
MAXI MERAKI,Pop
Worakls,Electronica
Electrics,Inconnu
sugarstone,Inconnu
Jock,Inconnu
Ben Camden,Inconnu
Omega Tribe,J-pop
Archvile,Inconnu
Mi-Soul Radio,Soul
Lame,Inconnu
WE PARTY,Electro House
Lipstick on Your Collar,Pop
Brockie,Inconnu
Elba Rose,Pop
A'Bear,Inconnu
Burr Oak,Inconnu
Bridget,Inconnu
Ed Rush and Optical,Drum and bass
This Is Pop,Pop
Guns 2 Roses - UK Guns N Roses Tribute,Hard rock
Zsa Zsa Sapien,Inconnu
Bollywood,Inconnu
The Flitz,Inconnu
The Seahorses,Britpop
Fleetwood Bac,Rock
Lil Tjay,Hip-hop
Michael Aldag,Inconnu
Eleanor Collides,Inconnu
PEARL CHARLES,Indie pop
Tamzene,Afrobeat
A Guy Called Gerald,Acid house
Brat Rave,Hyperpop
Charm,Inconnu
Scarlet Rebels,Hard rock
Jeff Cohen,Inconnu
n0trixx,Rap
Rock Steady,Reggae
Helen Winter Official,Inconnu
Jaffro,Inconnu
Djodje,Pop
Mark Chadwick,Rock
Bresh,Rap
UNKLE,Trip hop
The Bevis Frond,Rock psychédélique
Pythies,Inconnu
Booker T. Jones,Soul
DELLA NOVA,Inconnu
Chris Wong,Inconnu
The Ray Gelato Giants,Jazz
"I, Doris",Inconnu
Loki,Inconnu
INJI,Pop
Dj Sueño,EDM
Charlotte Day Wilson,R&B
Under One Sun,Inconnu
I Am No Longer A Ghost,Pop
Ayah Marar,Pop
Kianja,Inconnu
Campbell,Inconnu
Phaphane,Inconnu
Catching Cairo,Inconnu
Doudou MD,Afrobeat
Charlotte Clark,Inconnu
Halloween Bash,Inconnu
Ciaran Lavery,Folk
Smoove & Turrel,Hip hop
Evan Dando,Rock
Sounds of Simon,Inconnu
mr bewlay,Inconnu
DJ Ritu,Inconnu
Day By Day,Pop
BODEGA,Post-punk
Mugenkyo Taiko Drummers,Musique traditionnelle japonaise
STREAMER,Inconnu
MORTEN,EDM
Gary Clark Jr.,Blues
Red Letters,Inconnu
Eli Gumble,Inconnu
p-rallel,Inconnu
The Higher Planes,Electronica
Emma Noble,Inconnu
Dorian Electra,Hyperpop
Will Foley music,Inconnu
Porridge Radio,Indie rock
Uada,Black metal
Marie Naffah,Pop
Christian Tetzlaff,Classique
Mazza,Inconnu
András Droppa,Inconnu
Jensen Interceptor,Inconnu
Kaktus Einarsson,Inconnu
Clive Carroll,Jazz
Kiefer,Inconnu
Caleb Johnson,Rock
The Real McKoys,Rock and roll
The Undercover Hippy,Folk
Uncertainty,Inconnu
Simone De Kunovich,Inconnu
MAXIMILIAN,Inconnu
Natalie Cuomo,Inconnu
Josh Weller,Folk
High Eyes,Inconnu
Billianne,Inconnu
Ben Caplan,Folk
APW,Inconnu
Its Irrelevant,Inconnu
SOULFUL,Soul
Richard Dawkins,Inconnu
Bad Fractals,Inconnu
Mr.B The Gentleman Rhymer,Hip Hop
Shelly Peled,Inconnu
Eleine,Power metal
Dextro,Inconnu
Bino and Fino,Inconnu
Wild Pink,Indie rock
Froglord,Inconnu
Nathan Evans,Folk
The Julia Set,Inconnu
The Denmark Street Big Band,Jazz
Nosebleed,Grindcore
HOT FACE,Pop
Ciro Rey,Inconnu
Black Light Ascension,Inconnu
The Cavern Beatles,Information non disponible
Big Special,Hip-hop
Marc Broussard,Blues
Maya Delilah,Pop
Adam Naas,Inconnu
Stephen McCarthy,Inconnu
Dawn Penn,Reggae
Ray Noir,Inconnu
Dead Slow Hoot,Inconnu
King No-One,Inconnu
Richard Walters,Indie folk
Mind Enterprises,Inconnu
GreenStar,Inconnu
Joe P,Inconnu
Squeeze,Pop
Empires,Inconnu
Boundaries,Pop
John Floreani,Inconnu
David Gilmour,Rock
Tskinz,Inconnu
Mortar,Inconnu
Oogan.,Inconnu
Redd Kross,Punk rock
Noum,Information non disponible
ALICE LILY,Inconnu
Faux Fighters UK,Inconnu
Bighead Tea Drinkers,Inconnu
ChuckieOnline,Inconnu
Junior Brother,Folk
Bywater Call,Folk
KYTES,Inconnu
Xoe-B,Rap
Kimbow Raider,Inconnu
Scrimshire,Inconnu
Shed Seven,Britpop
Paper Cuts,Inconnu
Cheena Monsoon,Inconnu
Astrid Sonne,Pop
Bones Ate Arfa,Inconnu
Ayla Schafer,Inconnu
Verbz,Inconnu
The Skatonics,Ska
Al Murray,Comédie
Boss Caine,Rap
Ida Wenøe,Pop
Ash,Rock
SAPPHIRE,Inconnu
Sweet Unrest,Rock
Sion,Inconnu
Two Night's,Inconnu
Nashville Nights,Country
LOU SANDERS,Jazz
Fu Manchu,Stoner rock
Duwayne Burnside,Blues
Elodie Chousmer-Howelles,Inconnu
Tennessee Twin,Inconnu
Congulus,Inconnu
Jimi Hendrix,Rock
Modern Nature,Jazz
Michael Odewale,Inconnu
Fear of the Dark,Heavy metal
In Search Of Sun,House
Field Music,Indie pop
Blaze DJ,Inconnu
the family dog,Psychédélique
Ch'Lu,Inconnu
ZELT,Inconnu
The Fezzes,Inconnu
Funky Times,Inconnu
LANDMVRKS,Metalcore
Nina Kohout,Inconnu
Victory Lap,Hip hop
Sidious,Inconnu
Paul Carrack,Rock
Billy Lockett,Pop
MEMORIALS,Post-hardcore
AK,Inconnu
Lande Music,Inconnu
Daisybell,Inconnu
Ella Morgan,Inconnu
Open-Jam,Inconnu
Mauro Durante,Musique du monde
Paul Chowdhry,Inconnu
M G Boulter,Inconnu
Bastien,Inconnu
Doomsday Sun,Inconnu
Shrapnel,Metal néoclassique
Tochi,Inconnu
Staysick,Metalcore
Peter Phillips & The Tallis Scholars,Musique Renaissance
Whiskey Moon Face,Inconnu
Michael Formanek,Jazz
Akira Ifukube,Musique de film
Final Dose,Inconnu
Kaypo,Inconnu
Pijn,Inconnu
Taylr,Pop
Anvil,Heavy metal
Cristina Russo,Inconnu
Sleepless,Inconnu
Old Dirty Brasstards,Funk
A VOID,Inconnu
Room Service,Inconnu
The Pistols,Punk
OSKA,Inconnu
Rolling Thunder UK,Inconnu
Amyl and The Sniffers,Punk rock
holding poison,Hard rock
Oscar Mic,Inconnu
The Meditations,Reggae
A.R. Kane,Acid house
Good Time Locomotive,Inconnu
Tom Vek,Indie pop
Lange,Trance
LspeedZ,Hyperpop
agency,K-Pop
Ghøstkid,Hyperpop
DJS,Inconnu
Jon Auer,Rock
Pickled Dick,Inconnu
Mercy Union,Indie Pop
DKANDLE,Inconnu
Tristan Ingram,Inconnu
Ebony Buckle,Inconnu
The Wave Pictures,Indie rock
Rockwood,Inconnu
Hifi Sean,Drum and bass
MC Neat,Hip hop
ARYMÉ,Pop urbaine
NaraBara,J-Rock
Dea Matrona,Folk metal
DREAM NAILS,Rock
Giovannie & The Hired Guns,Country
Byron Wallen,Classique
Jose Macabra,Inconnu
The Samples,Hip hop
Connie Constance,Indie pop
Legends of Reggae,Reggae
The Serenity Club,Inconnu
Dombrance,Electro
Park Crescent,Inconnu
The Delta Bombers,Rockabilly
Nick Corbin,Inconnu
Sam Williams,Country
Black Coffee,Deep House
Erica Manzoli,Inconnu
Kuremino,Inconnu
The Subways,Garage rock
Prozak,Hip hop
Frankie Archer,Inconnu
Birthday Party,Post-punk
Spirits Of Saturn,Black Metal
Tora,Inconnu
AK/DK,Hip-hop
Mabe Fratti,Classique contemporaine
Rosa Pistola,Inconnu
Dwills,Inconnu
Speeder,Inconnu
The Water Rats,Inconnu
Jeff Innocent,Inconnu
Uncle Dugs,Hip hop
Downtown Kayoto,Inconnu
Naut,Inconnu
Ben Waters,Blues
The Abbey,Inconnu
Jesse Terry,Folk
Supermarket,Indie pop
Monkeyfists,Inconnu
Mike James,Inconnu
Video Age,Synthwave
Lindsey Stirling,Musique classique et électro
Quinn Oulton,Inconnu
The Halfway Kid,Inconnu
Vincent Lima,Inconnu
Elizabeth & Jameson,Inconnu
Stormia,Inconnu
Tom Ward,Inconnu
Jo-Jo & The Teeth,Inconnu
Anthony Naples,House
Back To the 80's,Pop
Cappadonna,Hip Hop
Sarah Louise,Inconnu
Ayanna Witter-Johnson,Classical Crossover
Air.Code,Inconnu
Nina Conti,Inconnu
Henny,Inconnu
Rogue Awakening,Inconnu
Brides,Inconnu
Magnetude,Inconnu
Bianca Maieli,Pop
ANELIE,Inconnu
A for Alpha,Inconnu
John Digweed,Progressive house
Enta,Inconnu
MÆVEY,Pop
The Queens Head,Inconnu
Justin Robertson,House
just like honey,Alternative rock
Dona,Inconnu
Antonio Forcione Quartet,Jazz
Sarah Kroger,Chant chrétien contemporain
Tailgunner,Inconnu
Deadhorse,Inconnu
Poppy Jean Crawford,Inconnu
DJ Neptune,Afrobeat
Phil Maguire,Inconnu
James Zabiela,House
Matic Horns,Funk
YNG CPTN,Hip-hop
Unprocessed,Inconnu
The Stingrays,Surf rock
16 Guns,Country
Emma Rawicz,Inconnu
A. Charles,Rhythm and blues
Jeremy  Brown,Inconnu
Varials,Metalcore
Bukky Leo & Black Egypt,Inconnu
Daniel Skyver,Inconnu
Rosie Frater-Taylor,Folk
Isobel Gathercole - Singer,Inconnu
Sleeper,Britpop
Yin Yang,Inconnu
No Cars,Inconnu
Victoria Smith Bassist,Inconnu
The Mighty Groove Robbers,Inconnu
Hands of the Heron,Inconnu
Théa,Inconnu
Billy Sullivan,Inconnu
FLOCK,Inconnu
Razorlight,Rock
The Empty Page,Inconnu
Amy Hollinrake,Inconnu
The Pretenders,Rock
Rough Justice,Inconnu
PRIMA QUEEN,Pop
Arielle Free,Inconnu
Fred V & Grafix,Drum and bass
Wet,Indie pop
CG5,Electro-swing
The TR5's,Inconnu
Jet,Rock
Cameron Sanderson,Inconnu
Annalie,Inconnu
Will Miles,Inconnu
Suspire (GB),Inconnu
Finnegan Tui,Inconnu
Filthy Militia,Inconnu
The New Eves,Inconnu
Blood Like Wine,Inconnu
The Fallen Leaves,Inconnu
IC3,Inconnu
VLTIMAS,Hyperpop
Atomic Suplex,Metalcore
Moon Unit Zappa,Pop
Horseman,Inconnu
Nik Kershaw,Pop
Blank Xpression,Inconnu
Blue Stragglers,Inconnu
African Head Charge,Post-punk
Whitney - Queen of the Night,Dance-pop
Call me amour,Pop
Channel One,Reggae
Flora Falls,Inconnu
Bedouin Soundclash,Rock
Uncle Junior,Inconnu
Demon,Heavy metal
Lucie Silvas,Pop
Ian Shaw Band,Jazz
Terri Walker,Soul
Hyphen,Inconnu
David Baddiel,Inconnu
Pastel,Inconnu
Lauren Housley,Inconnu
Ryme Tyme,Hip hop
Woking Calling,Inconnu
October,Inconnu
"K, Le Maestro",Rap
DJ Paul,Hip hop
Holly Henderson,Inconnu
Totally Blondie,New wave
Public Service Broadcasting,Post-punk
Stacy Mitchhart,Inconnu
VANES,Inconnu
velvetine,Inconnu
BLED,Inconnu
Marie Montexier,Inconnu
Moxie,Inconnu
Jah Cutta,Reggae
Dee Diggs,Hip hop
aeonblack,Inconnu
The Mighty Wah,Rock
CATBEAR,Inconnu
Mar,Inconnu
Adult Leisure,Inconnu
Bobby,Inconnu
Satin Beige,Inconnu
Gorilla Riot,Metalcore
TETAS FRÍAS,Inconnu
Dominic J Marshall,Inconnu
The Strumbellas,Indie folk
The Estimators,Inconnu
Halima,Inconnu
Henri Herbert,Inconnu
Pearl Fish,Inconnu
Daffodildos,Inconnu
UH2BT,Inconnu
Free Party,Techno
Callum Beattie,Pop
Alice Ivy,Electronica
Elijah Fox,Inconnu
Georgia Nevada,Pop
Luiz Bruno,Inconnu
The DeRellas,Inconnu
Zaho de Sagazan,Pop
Gentleman’s Dub Club,Dub
Outhouse,Inconnu
Woody Green,Inconnu
Charlie Austen,Inconnu
Cezaire,Inconnu
Ben Waters Official,Blues
Devon,Inconnu
Camden Assembly,Inconnu
Spectres,Inconnu
Lili Holland-Fricke,Inconnu
Eugene Kelly,Indie pop
Karen Dió,Pop
Intrusive,Inconnu
jellyskin,Information non disponible
Carl Barron,Inconnu
Lizzie Esau,Inconnu
John Robins,Inconnu
Killa P,Rap
Little Lion Sound,Inconnu
Ihlo,Inconnu
Thool,Inconnu
crimson 97,Inconnu
Prins Thomas,Disco
Daisy Chute,Inconnu
Bill Ryder-Jones,Folk
London Elektricity,Drum and bass
Jane McDonald,Pop
Sparrow & Barbossa,Inconnu
Keo,Information non disponible
Riya Gadher,Inconnu
MARTIN 2 SMOOVE,Information non disponible
NeverUnder,Information non disponible
Sounds Like Teen Spirit,Information non disponible
NNNNAAAA,Information non disponible
Cara Dillon,Folk
Ben Howard,Information non disponible
Sophie Kilburn,Information non disponible
The Howlers,Information non disponible
Connor Selby,Information non disponible
Gast Waltzing,Information non disponible
Stacey Kent,Information non disponible
Exist Immortal,Information non disponible
Harp,Information non disponible
Vieira,Information non disponible
SASSY 009,Information non disponible
AMG,Information non disponible
Claudia Kate,Information non disponible
KAVARI,Information non disponible
Adriatique,Information non disponible
French Toast,Information non disponible
"StOp, sToP",Information non disponible
Praying Mantis Rock Band,Information non disponible
James Payne (UK),Information non disponible
Giacomo Smith,Information non disponible
Lunar June,Information non disponible
Rhoda Dakar,Information non disponible
Andrea Pellizzari,Information non disponible
BUØY (UK),Information non disponible
Talon,Information non disponible
Linguistics,Information non disponible
Salute,Information non disponible
Killer Kitsch,Information non disponible
DJ Marfox,Information non disponible
Wand,Information non disponible
Gareth Malone's Voices,Information non disponible
Bu Kolthoum,Information non disponible
Freak Heat Waves,Information non disponible
Laughter,Information non disponible
Laura Wright,Information non disponible
Oisin Leech,Information non disponible
Lava La Rue,Information non disponible
Spriggan Mist,Information non disponible
Banks,Information non disponible
The 5.6.7.8's,Information non disponible
Don't Stop Queen Now,Information non disponible
Britney,Information non disponible
Mary Lee Kortes,Information non disponible
Samantha Whates,Information non disponible
Mhaol,Information non disponible
Man & The Echo,Information non disponible
Freddie Joon,Information non disponible
Personal,Information non disponible
Liang Lawrence,Information non disponible
Headsticks,Information non disponible
Remi Harris,Information non disponible
WARGASM (UK),Information non disponible
Vernons Future,Information non disponible
Norman Jay MBE,Information non disponible
Pat Sansone,Information non disponible
Christopher Hall,Information non disponible
Nightwave Nexus,Information non disponible
James Acaster,Information non disponible
Soren Bryce,Information non disponible
PVC,Information non disponible
Winston Reedy,Information non disponible
Andy Goodwin,Information non disponible
Carolina Deslandes,Information non disponible
Slug Gore,Information non disponible
DJ Haram,Information non disponible
Blanket,Information non disponible
Hiatus Kaiyote,Information non disponible
Amanda Rheaume,Information non disponible
TATYANA,Information non disponible
R.P.C,Information non disponible
Doechii,Information non disponible
Taylor Bickett,Information non disponible
Curtis Eller's American Circus,Information non disponible
Cradle of Filth,Information non disponible
LOA,Information non disponible
Chï,Information non disponible
3times7 london,Information non disponible
Kayla Painter,Information non disponible
Gypsy's Kiss,Information non disponible
Kanukai,Information non disponible
You've Got a Friend,Information non disponible
Dua Lipa,Information non disponible
The Sewer Cats,Information non disponible
Folk Sessions,Information non disponible
Cal Ruddy,Information non disponible
WEBB,Information non disponible
Justin Hayward,Information non disponible
POLICE DOG HOGAN,Information non disponible
Marty Stuart And His Fabulous Superlatives,Information non disponible
Kashi Sankara,Information non disponible
The Gleeman,Information non disponible
Rachael McShane,Information non disponible
Isaac Gracie,Information non disponible
Estelle Mey,Information non disponible
The Heroes Band London,Information non disponible
Marlie,Information non disponible
Tindersticks,Information non disponible
Damien Barber & Mike Wilson,Information non disponible
Lazcru,Information non disponible
The Zealots,Information non disponible
Old Baby Mackerel,Information non disponible
How Sweet the Sound,Information non disponible
Peter Serafinowicz,Information non disponible
Mark Sanders,Information non disponible
Gemitaiz,Information non disponible
Queenz,Information non disponible
Beartooth,Information non disponible
James Oliver,Information non disponible
Diljit Dosanjh,Information non disponible
God Dethroned,Information non disponible
Sak,Information non disponible
Emanuel Satie,Information non disponible
The Rebound Covers Band,Information non disponible
Spaceslug,Information non disponible
Funky House,Information non disponible
Anna Pancaldi,Information non disponible
Leigh-Anne,Information non disponible
Dog Race,Information non disponible
The Saw Doctors,Information non disponible
Carly Foxx,Information non disponible
Michael Legge,Information non disponible
Sam Robbins,Information non disponible
Zkeletonz,Information non disponible
Orchestra Of The Swan,Information non disponible
Uzumaki,Information non disponible
Celeste Madden,Information non disponible
Joey Daniel,Information non disponible
Pavel Kolesnikov,Information non disponible
Lizzy Hardingham,Information non disponible
Lulu Popplewell,Information non disponible
Kali Claire,Information non disponible
Wunderhorse,Information non disponible
Ghosts,Information non disponible
Will Young,Information non disponible
Sophie Lloyd,Information non disponible
heavy wild,Information non disponible
music :),Information non disponible
The Castells,Information non disponible
Chad,Information non disponible
"Our Hollow, Our Home",Information non disponible
Alex Allen,Information non disponible
Danny and the Champions of the World,Information non disponible
My House,Information non disponible
Stephen Wilson Jr,Information non disponible
MAZIAC,Information non disponible
Mike Mills,Information non disponible
James Jonathan Clancy,Information non disponible
Aria,Information non disponible
Jeremy Brown,Information non disponible
The VANNS,Information non disponible
Spotlight,Information non disponible
Solar Eyes,Information non disponible
Daniel O'Reilly,Information non disponible
Hot Tamales (UK),Information non disponible
Peach,Information non disponible
Mr Paul Adams,Information non disponible
Max Menaged,Information non disponible
Geraint Watkins,Information non disponible
Lebanon Hanover,Information non disponible
Unorthadox,Information non disponible
Mozart Symphony Orchestra,Information non disponible
Sigala,Information non disponible
Woe,Information non disponible
Mandrake Handshake,Information non disponible
Halloween,Information non disponible
Powered,Information non disponible
House of Protection,Information non disponible
Aston Merrygold,Information non disponible
Mike Zito,Information non disponible
Wojtek Mazolewski Quintet,Information non disponible
John Francis Flynn,Information non disponible
Joe Magnarelli,Information non disponible
Gentlemen of Few,Information non disponible
Nitefreak,Information non disponible
Bess Atwell,Information non disponible
Maddie Morris,Information non disponible
THE DIRT ROAD BAND,Information non disponible
Sean Johnston,Information non disponible
Paul Weller,Information non disponible
jazzbois,Information non disponible
Ryan Mack,Information non disponible
Gaby K,Information non disponible
EMF,Information non disponible
Ellie Taylor,Information non disponible
James Toseland,Information non disponible
Donny McCaslin,Information non disponible
Albert Cummings,Information non disponible
Savak,Information non disponible
Jon Gomm,Information non disponible
Reverberation,Information non disponible
The Smashed In Pumpkins,Information non disponible
Myopia,Information non disponible
SKINNED,Information non disponible
Prateek Kuhad,Information non disponible
10cc,Information non disponible
Tyson Yoshi,Information non disponible
Elizabeth,Information non disponible
ILUVLIVE,Information non disponible
Imaginary Dreamers,Information non disponible
Philomel Creative Circle,Information non disponible
Andrew White,Information non disponible
Ian Page,Information non disponible
Badly Drawn Boy,Information non disponible
New Car Smell,Information non disponible
Rob Pursey,Information non disponible
The Sound Of Springsteen,Information non disponible
miya the sun,Information non disponible
Hayden Thorpe,Information non disponible
The Tridents,Information non disponible
Zack Fox,Information non disponible
UrgentSea,Information non disponible
The Severed Limb,Information non disponible
T-MAN,Information non disponible
Sasha,Information non disponible
Zubin Kanga - pianist,Information non disponible
The Sound Lounge,Information non disponible
Sainte,Information non disponible
Disco Lizards,Information non disponible
Prince Fatty,Information non disponible
Tour-Maubourg,Information non disponible
The High Llamas,Information non disponible
Leg Puppy 2.0,Information non disponible
High Parasite,Information non disponible
ALIAS (Musician),Information non disponible
Sleep in Motion,Information non disponible
Eki Shola,Information non disponible
Samantha Ege,Information non disponible
LOYD,Information non disponible
Sweet Honey in the Rock,Information non disponible
Miura,Information non disponible
Mimi Barks,Information non disponible
Ryan Elliot,Information non disponible
Dave Stapleton,Information non disponible
Lely45,Information non disponible
Circles,Information non disponible
Martha Tilston,Information non disponible
Mark Watson,Information non disponible
The Fallen Heroes (Official),Information non disponible
RedHook,Information non disponible
Daniele Corbo,Information non disponible
Leap,Information non disponible
Paul Foot,Information non disponible
Lusaint,Information non disponible
Jim Jones All Stars,Information non disponible
TBC,Information non disponible
Jack Hayter,Information non disponible
DJ Gabber,Information non disponible
Rolling Thunder,Information non disponible
The Mercians,Information non disponible
Leah McFall,Information non disponible
Skinshape,Information non disponible
Cyrano,Information non disponible
I Love Reggaeton,Information non disponible
Betical,Information non disponible
High Fade,Information non disponible
Magic Mike Live,Information non disponible
TOMMY CASH,Information non disponible
Come What May,Information non disponible
Ekwols,Information non disponible
Berlioz,Information non disponible
Last Podcast On The Left,Information non disponible
Panic Atom,Information non disponible
DIVANHANA,Information non disponible
The Enid,Information non disponible
Dietrich Strause,Information non disponible
Too Much Too Young,Information non disponible
Grail Guard,Information non disponible
Eshaan Akbar,Information non disponible
Nora,Information non disponible
The Lovely Eggs,Information non disponible
Manchester Collective,Information non disponible
TANR,Information non disponible
Mukhy,Information non disponible
Gift Horse,Information non disponible
DOOL,Information non disponible
The DreZone,Information non disponible
Benefits,Information non disponible
Soaked,Information non disponible
Cobo,Information non disponible
Slowly Rolling Camera,Information non disponible
Gardna,Information non disponible
Nish Kumar,Information non disponible
Robert Treviño,Information non disponible
Split Dogs,Information non disponible
Carol Grimes,Information non disponible
Simon & Garfunkel Through The Years,Information non disponible
Wych Elm,Information non disponible
